TrackNumber,Time(seconds),Latitude,Longitude,SOG,Oceanic Depth,Chlorophyll Concentration,Salinity,Water Surface Elevation,Sea Temperature,Thermocline Depth,Eastward Water Velocity,Northward Water Velocity
121488,0,54.300667,12.067667,9.1,-1,1.3097,34.2,-1.86,-1.6,179.3,0.16,0.23
121488,969,54.266,12.035167,8.8,-1,1.2435,34.2,-1.86,-1.6,174.9,0.19,0.23
121488,1497,54.2575,12.038333,1.1,0,1.1962000000000002,34.2,-1.85,-1.5,174.10000000000002,0.19,0.24
121488,1917,54.256167,12.0365,0.9,0,1.1945000000000001,34.2,-1.85,-1.5,173.9,0.19,0.24
121488,2949,54.224167,12.059333,8.,1,1.2143000000000002,34.2,-1.85,-1.5,172.3,0.21,0.24
121488,3589,54.202667,12.076333,7.9,3,1.0210000000000001,34.2,-1.85,-1.5,171.9,0.22,0.24
121488,3649,54.200667,12.077832,7.8,3,1.0083,34.2,-1.85,-1.5,171.9,0.22,0.24
121488,3922,54.192167,12.084833,7.7,-2,1.3002,34.2,-1.85,-1.5,171.70000000000002,0.22,0.24
121488,4598,54.172167,12.0965,6.2,0,1.1993,34.2,-1.85,-1.4000000000000001,171.20000000000002,0.23,0.24
121488,4710,54.169,12.097332,6.,0,1.1921000000000002,34.2,-1.85,-1.4000000000000001,171.20000000000002,0.23,0.24
121488,4917,54.163,12.097167,6.3,6,0.9281,34.2,-1.84,-1.4000000000000001,171.,0.24,0.24
121488,5638,54.142,12.095333,6.7,7,0.9158000000000001,34.2,-1.84,-1.3,172.,0.23,0.24
121488,5887,54.1345,12.095667,6.6,7,0.9104000000000001,34.2,-1.84,-1.3,172.5,0.23,0.23
121488,6607,54.112167,12.0985,6.6,8,0.9318000000000001,34.2,-1.83,-1.3,173.9,0.23,0.23
121488,6611,54.112167,12.0985,6.5,8,0.9318000000000001,34.2,-1.83,-1.3,173.9,0.23,0.23
121488,6839,54.105833,12.103,6.5,9,0.9393,34.2,-1.83,-1.3,174.3,0.23,0.23
121488,7564,54.093667,12.129667,6.1,10,0.8178000000000001,34.2,-1.83,-1.3,175.,0.23,0.22
121488,7743,54.093667,12.137333,2.9,10,0.8564,34.2,-1.83,-1.3,175.,0.23,0.22
121488,8518,54.092833,12.138667,0.,10,0.862,34.2,-1.83,-1.3,175.,0.23,0.22
121488,8695,54.092833,12.138667,0.,10,0.862,34.2,-1.83,-1.3,175.,0.23,0.22
121488,8752,54.092832,12.138667,0.,10,0.862,34.2,-1.83,-1.3,175.,0.23,0.22
121488,9441,54.092833,12.138667,0.,10,0.862,34.2,-1.83,-1.3,175.,0.23,0.22
121488,9596,54.092833,12.138667,0.,10,0.862,34.2,-1.83,-1.3,175.,0.23,0.22
121488,152889,54.092833,12.138667,0.,10,0.862,34.2,-1.83,-1.2000000000000002,168.,0.25,0.16
121488,153285,54.092832,12.139,0.8,10,0.8637,34.2,-1.83,-1.2000000000000002,168.,0.25,0.16
121488,153853,54.094,12.1255,6.5,9,0.7975,34.2,-1.83,-1.2000000000000002,168.10000000000002,0.25,0.15
121488,154221,54.106167,12.103332,6.7,9,0.9404,34.2,-1.83,-1.2000000000000002,168.4,0.24,0.15
121488,154877,54.111833,12.088,4.6,8,0.905,34.2,-1.83,-1.2000000000000002,168.4,0.24,0.15
121488,155781,54.11,12.0865,0.,8,0.8991,34.2,-1.83,-1.2000000000000002,168.3,0.24,0.15
121488,155834,54.11,12.0865,0.,8,0.8991,34.2,-1.83,-1.2000000000000002,168.3,0.24,0.15
121488,156794,54.11,12.0865,0.,8,0.8991,34.2,-1.83,-1.2000000000000002,168.3,0.24,0.15
121488,157330,54.11,12.0865,0.,8,0.8991,34.2,-1.83,-1.2000000000000002,168.20000000000002,0.24,0.15
121488,157695,54.11,12.0865,0.,8,0.8991,34.2,-1.83,-1.2000000000000002,168.20000000000002,0.24,0.15
121488,157754,54.11,12.0865,0.,8,0.8991,34.2,-1.83,-1.2000000000000002,168.20000000000002,0.24,0.15
121488,158611,54.11,12.0865,0.,8,0.8991,34.2,-1.83,-1.2000000000000002,168.20000000000002,0.25,0.15
121488,158691,54.11,12.0865,0.,8,0.8991,34.2,-1.83,-1.2000000000000002,168.20000000000002,0.25,0.15
121488,159143,54.11,12.0865,0.,8,0.8991,34.2,-1.83,-1.2000000000000002,168.10000000000002,0.25,0.15
121488,159547,54.11,12.0865,0.,8,0.8991,34.2,-1.83,-1.2000000000000002,168.10000000000002,0.25,0.15
121488,160177,54.11,12.0865,0.,8,0.8991,34.2,-1.83,-1.2000000000000002,168.10000000000002,0.25,0.15
121488,160181,54.11,12.0865,0.,8,0.8991,34.2,-1.83,-1.2000000000000002,168.10000000000002,0.25,0.15
121488,160505,54.11,12.0865,0.,8,0.8991,34.2,-1.83,-1.2000000000000002,168.10000000000002,0.25,0.15
121488,161177,54.11,12.0865,0.,8,0.8991,34.2,-1.83,-1.2000000000000002,168.,0.25,0.15
121488,161466,54.11,12.0865,0.,8,0.8991,34.2,-1.83,-1.2000000000000002,168.,0.25,0.15
121488,161766,54.11,12.0865,0.,8,0.8991,34.2,-1.83,-1.2000000000000002,168.,0.25,0.15
121488,162147,54.11,12.0865,0.,8,0.8991,34.2,-1.83,-1.2000000000000002,168.,0.25,0.15
121488,162551,54.11,12.0865,0.,8,0.8991,34.2,-1.83,-1.2000000000000002,168.,0.25,0.15
121488,163143,54.1115,12.087667,4.6,8,0.9038,34.2,-1.83,-1.2000000000000002,168.,0.25,0.15
121488,163144,54.1115,12.087667,4.5,8,0.9038,34.2,-1.83,-1.2000000000000002,168.,0.25,0.15
121488,163504,54.116333,12.096333,6.2,8,0.9299000000000001,34.2,-1.84,-1.3,168.20000000000002,0.25,0.15
121488,164047,54.101,12.108832,6.5,9,0.9532,34.2,-1.83,-1.2000000000000002,167.8,0.25,0.15
121488,164587,54.093333,12.129333,6.2,10,0.8155,34.2,-1.83,-1.2000000000000002,167.5,0.25,0.15
121488,164955,54.09294,12.139015,0.2,10,0.8639,34.2,-1.83,-1.2000000000000002,167.4,0.26,0.15
121488,165011,54.092833,12.138667,0.6,10,0.862,34.2,-1.83,-1.2000000000000002,167.4,0.26,0.15
121488,165513,54.092833,12.138667,0.,10,0.862,34.2,-1.83,-1.2000000000000002,167.4,0.26,0.15
121488,237706,54.092833,12.138667,0.,10,0.862,34.2,-1.84,-1.3,163.8,0.3,0.15
121488,238654,54.092832,12.138667,0.,10,0.862,34.2,-1.84,-1.3,163.70000000000002,0.3,0.15
121488,238677,54.092833,12.138667,0.,10,0.862,34.2,-1.84,-1.3,163.70000000000002,0.3,0.15
121488,239629,54.092833,12.138667,0.,10,0.862,34.2,-1.84,-1.3,163.70000000000002,0.3,0.15
121488,239753,54.092833,12.138667,0.,10,0.862,34.2,-1.84,-1.3,163.70000000000002,0.3,0.15
121488,240141,54.092832,12.138667,0.,10,0.862,34.2,-1.84,-1.3,163.70000000000002,0.3,0.15
121488,240742,54.093833,12.133333,5.9,10,0.8365,34.2,-1.83,-1.3,163.70000000000002,0.3,0.15
121488,241755,54.113333,12.098167,6.8,8,0.9319000000000001,34.2,-1.84,-1.3,164.60000000000002,0.3,0.15
121488,242514,54.137167,12.095667,6.9,7,0.9122,34.2,-1.84,-1.3,166.20000000000002,0.3,0.15
121488,242518,54.137167,12.095667,6.9,7,0.9122,34.2,-1.84,-1.3,166.20000000000002,0.3,0.15
121488,242662,54.1415,12.095833,6.8,7,0.9148000000000001,34.2,-1.84,-1.4000000000000001,166.5,0.3,0.15
121488,243448,54.1665,12.1015,7.1,6,0.9273,34.2,-1.85,-1.4000000000000001,168.5,0.31,0.16
121488,243616,54.171667,12.098833,7.2,0,1.177,34.2,-1.85,-1.4000000000000001,168.60000000000002,0.3,0.15
121488,243736,54.175667,12.096667,7.3,0,1.1968,34.2,-1.85,-1.4000000000000001,168.70000000000002,0.3,0.15
121488,244428,54.199832,12.096167,8.5,0,1.1949,34.2,-1.85,-1.5,170.10000000000002,0.29,0.15
121488,244696,54.196167,12.086667,8.2,-1,1.2815,34.2,-1.85,-1.5,169.5,0.29,0.15
121488,245516,54.170167,12.096832,6.5,0,1.1966,34.2,-1.85,-1.4000000000000001,168.4,0.3,0.15
121488,245660,54.165833,12.097167,6.7,5,0.9301,34.2,-1.85,-1.4000000000000001,168.20000000000002,0.31,0.15
121488,245688,54.165,12.097167,6.6,6,0.9295,34.2,-1.85,-1.4000000000000001,168.10000000000002,0.31,0.15
121488,246460,54.141,12.094667,6.5,7,0.916,34.2,-1.84,-1.4000000000000001,166.3,0.31,0.15
121488,246600,54.136833,12.094667,6.6,7,0.9133,34.2,-1.84,-1.3,166.,0.31,0.15
121488,246636,54.1355,12.095167,6.6,7,0.9117000000000001,34.2,-1.84,-1.3,165.9,0.31,0.15
121488,247636,54.1045,12.104333,6.9,9,0.9422,34.2,-1.84,-1.3,163.70000000000002,0.3,0.14
121488,247640,54.1045,12.104332,6.9,9,0.9422,34.2,-1.84,-1.3,163.70000000000002,0.3,0.14
121488,248704,54.092833,12.138667,0.,10,0.862,34.2,-1.84,-1.3,163.20000000000002,0.31,0.15
121488,249496,54.092833,12.138667,0.,10,0.862,34.2,-1.84,-1.3,163.20000000000002,0.31,0.15
121488,249500,54.092832,12.138667,0.,10,0.862,34.2,-1.84,-1.3,163.20000000000002,0.31,0.15
121488,249705,54.092833,12.138667,0.,10,0.862,34.2,-1.84,-1.3,163.20000000000002,0.31,0.15
121488,250593,54.092833,12.138667,0.,10,0.862,34.2,-1.84,-1.3,163.10000000000002,0.31,0.15
121488,250701,54.092833,12.138667,0.,10,0.862,34.2,-1.84,-1.3,163.10000000000002,0.31,0.15
121488,251057,54.092832,12.138667,0.,10,0.862,34.2,-1.84,-1.3,163.10000000000002,0.31,0.15
121488,251605,54.092833,12.138667,0.,10,0.862,34.2,-1.84,-1.3,163.10000000000002,0.31,0.15
121488,251686,54.092833,12.138667,0.,10,0.862,34.2,-1.84,-1.3,163.10000000000002,0.31,0.15
121488,252213,54.092832,12.138832,0.4,10,0.8629,34.2,-1.84,-1.3,163.10000000000002,0.31,0.15
121488,252529,54.094,12.125667,7.,9,0.7983,34.2,-1.83,-1.3,163.,0.31,0.14
121488,252673,54.095333,12.117833,7.2,9,0.9786,34.2,-1.83,-1.2000000000000002,163.,0.3,0.14
121488,253237,54.11,12.100332,7.1,8,0.9349000000000001,34.2,-1.84,-1.3,163.8,0.3,0.14
121488,253577,54.122,12.0965,7.,8,0.9349000000000001,34.2,-1.84,-1.3,164.70000000000002,0.31,0.15
121488,253665,54.124667,12.0965,7.,8,0.9372,34.2,-1.84,-1.3,164.9,0.31,0.15
121488,254202,54.142,12.096,6.9,7,0.915,34.2,-1.84,-1.4000000000000001,166.20000000000002,0.31,0.15
121488,254622,54.156,12.099667,7.,6,0.9208000000000001,34.2,-1.85,-1.4000000000000001,167.5,0.32,0.15
121488,255198,54.173667,12.097832,6.9,0,1.1862000000000001,34.2,-1.85,-1.4000000000000001,168.5,0.31,0.15
121488,255618,54.186833,12.09,8.3,-1,1.2554,34.2,-1.85,-1.5,168.9,0.3,0.15
121488,255658,54.188333,12.089333,8.4,-1,1.2609000000000001,34.2,-1.85,-1.5,169.,0.3,0.15
121488,256290,54.180332,12.091832,6.9,-1,1.2409000000000001,34.2,-1.85,-1.5,168.60000000000002,0.3,0.15
121488,256530,54.173167,12.095833,7.,-1,1.2054,34.2,-1.85,-1.4000000000000001,168.3,0.31,0.15
121488,256746,54.1655,12.0965,7.2,5,0.9304,34.2,-1.85,-1.4000000000000001,167.9,0.31,0.15
121488,257254,54.149332,12.095332,7.1,6,0.9206000000000001,34.2,-1.84,-1.4000000000000001,166.60000000000002,0.31,0.15
121488,257466,54.141833,12.094833,7.,7,0.9163,34.2,-1.84,-1.4000000000000001,166.,0.31,0.15
121488,258088,54.122167,12.096,6.8,8,0.934,34.2,-1.84,-1.3,164.5,0.31,0.14
121488,258279,54.116,12.0965,6.7,8,0.93,34.2,-1.84,-1.3,164.,0.31,0.14
121488,258439,54.111,12.099167,6.9,8,0.9327000000000001,34.2,-1.84,-1.3,163.60000000000002,0.31,0.14
121488,259047,54.097,12.114833,4.5,9,0.9697,34.2,-1.83,-1.3,162.70000000000002,0.31,0.14
121488,259235,54.094667,12.118667,4.2,9,0.9811000000000001,34.2,-1.83,-1.2000000000000002,162.60000000000002,0.31,0.14
121488,259476,54.093667,12.126833,4.3,10,0.8035,34.2,-1.83,-1.3,162.60000000000002,0.31,0.14
121488,260380,54.093667,12.139167,4.,10,0.8657,34.2,-1.84,-1.3,162.70000000000002,0.31,0.14
121488,260384,54.093667,12.139167,4.,10,0.8657,34.2,-1.84,-1.3,162.70000000000002,0.31,0.14
121488,262427,54.0935,12.138832,2.6,10,0.8638,34.2,-1.84,-1.3,162.60000000000002,0.31,0.14
121488,263341,54.095667,12.117332,5.8,9,0.9771000000000001,34.2,-1.83,-1.3,162.4,0.31,0.14
121488,263470,54.099,12.1125,7.2,9,0.9633,34.2,-1.83,-1.3,162.60000000000002,0.31,0.14
121488,264377,54.125833,12.097,6.9,8,0.9025000000000001,34.2,-1.84,-1.3,164.60000000000002,0.31,0.14
121488,264400,54.1265,12.097,6.9,8,0.903,34.2,-1.84,-1.3,164.60000000000002,0.31,0.14
121488,264408,54.1265,12.097,6.9,8,0.903,34.2,-1.84,-1.3,164.60000000000002,0.31,0.14
121488,265338,54.157,12.097167,7.2,6,0.924,34.2,-1.85,-1.4000000000000001,167.20000000000002,0.32,0.15
121488,265343,54.157,12.097167,7.2,6,0.924,34.2,-1.85,-1.4000000000000001,167.20000000000002,0.32,0.15
121488,266290,54.1865,12.09,8.9,-1,1.2555,34.2,-1.85,-1.5,168.70000000000002,0.31,0.15
121488,266298,54.1865,12.09,8.9,-1,1.2555,34.2,-1.85,-1.5,168.70000000000002,0.31,0.15
121488,266502,54.193,12.0835,3.9,-2,1.3119,34.2,-1.85,-1.5,168.9,0.3,0.15
121488,267259,54.170833,12.097333,7.5,0,1.1916,34.2,-1.85,-1.4000000000000001,168.10000000000002,0.32,0.15
121488,267278,54.170167,12.097332,7.4,0,1.1918,34.2,-1.85,-1.4000000000000001,168.,0.32,0.15
121488,267614,54.1585,12.096667,7.2,6,0.9255,34.2,-1.85,-1.4000000000000001,167.20000000000002,0.32,0.15
121488,268166,54.139833,12.094833,7.5,7,0.915,34.2,-1.84,-1.4000000000000001,165.5,0.32,0.15
121488,268814,54.117833,12.095833,7.2,8,0.9299000000000001,34.2,-1.84,-1.3,163.60000000000002,0.31,0.14
121488,268938,54.114,12.0975,7.1,8,0.9308000000000001,34.2,-1.84,-1.3,163.4,0.31,0.14
121488,269214,54.105833,12.103167,7.1,9,0.9398000000000001,34.2,-1.84,-1.3,162.8,0.31,0.14
121488,269974,54.0935,12.133667,6.,10,0.8377,34.2,-1.84,-1.3,162.10000000000002,0.32,0.14
121488,270199,54.092833,12.139,0.5,10,0.8637,34.2,-1.84,-1.3,162.20000000000002,0.32,0.14
121488,329369,54.145833,12.096333,7.6,7,0.9172,34.2,-1.84,-1.4000000000000001,164.3,0.36,0.14
121488,329437,54.148,12.096832,7.4,6,0.9181,34.2,-1.84,-1.4000000000000001,164.60000000000002,0.36,0.14
121488,330278,54.177167,12.095833,7.2,-1,1.2043000000000001,34.2,-1.85,-1.5,167.3,0.35000000000000003,0.14
121488,330384,54.180667,12.093167,7.4,-1,1.2283000000000002,34.2,-1.85,-1.5,167.4,0.35000000000000003,0.14
121488,331256,54.181667,12.091333,7.6,-1,1.2451,34.2,-1.85,-1.5,167.3,0.35000000000000003,0.14
121488,331336,54.179167,12.092833,6.8,-1,1.2319,34.2,-1.85,-1.5,167.20000000000002,0.35000000000000003,0.14
121488,331376,54.178,12.093667,6.7,-1,1.2245000000000001,34.2,-1.85,-1.5,167.20000000000002,0.35000000000000003,0.14
121488,332206,54.15,12.0955,7.3,6,0.9209,34.2,-1.84,-1.4000000000000001,164.70000000000002,0.36,0.14
121488,332286,54.147167,12.0955,7.2,6,0.919,34.2,-1.84,-1.4000000000000001,164.4,0.36,0.14
121488,332322,54.145833,12.095333,7.3,6,0.9183,34.2,-1.84,-1.4000000000000001,164.20000000000002,0.36,0.14
121488,333122,54.118667,12.095833,7.4,8,0.9306000000000001,34.2,-1.84,-1.3,160.9,0.35000000000000003,0.13
121488,333214,54.1155,12.0965,7.4,8,0.9296000000000001,34.2,-1.84,-1.3,160.60000000000002,0.35000000000000003,0.13
121488,333442,54.108,12.101167,7.5,9,0.9358000000000001,34.2,-1.84,-1.3,159.8,0.35000000000000003,0.13
121488,334194,54.0935,12.133,6.4,10,0.8343,34.2,-1.84,-1.3,158.9,0.36,0.14
121488,334206,54.0935,12.133,6.3,10,0.8343,34.2,-1.84,-1.3,158.9,0.36,0.14
121488,334415,54.092833,12.139,0.6,10,0.8637,34.2,-1.84,-1.3,158.9,0.36,0.14
121488,335532,54.092833,12.138667,0.,10,0.862,34.2,-1.84,-1.3,158.9,0.36,0.14
121488,336569,54.094,12.1245,7.3,9,0.9993000000000001,34.2,-1.84,-1.3,158.60000000000002,0.36,0.13
121488,337545,54.118667,12.0965,6.8,8,0.9322,34.2,-1.84,-1.3,160.8,0.35000000000000003,0.13
121488,338386,54.1475,12.096833,7.2,6,0.9177000000000001,34.2,-1.84,-1.4000000000000001,164.3,0.36,0.14
121488,338391,54.1475,12.096832,7.2,6,0.9177000000000001,34.2,-1.84,-1.4000000000000001,164.3,0.36,0.14
121488,338558,54.152167,12.097,7.5,6,0.9208000000000001,34.2,-1.85,-1.4000000000000001,164.9,0.36,0.14
121488,339335,54.178667,12.095167,7.6,-1,1.2101,34.2,-1.85,-1.5,167.20000000000002,0.35000000000000003,0.14
121488,339423,54.181667,12.0935,7.5,-1,1.2248,34.2,-1.85,-1.5,167.3,0.35000000000000003,0.14
121488,339503,54.184667,12.091667,7.3,-1,1.2408000000000001,34.2,-1.85,-1.5,167.4,0.35000000000000003,0.14
121488,340364,54.179167,12.093,4.5,-1,1.2304000000000002,34.2,-1.85,-1.5,167.10000000000002,0.35000000000000003,0.14
121488,340367,54.179167,12.093,4.5,-1,1.2304000000000002,34.2,-1.85,-1.5,167.10000000000002,0.35000000000000003,0.14
121488,340451,54.176667,12.094833,5.8,-1,1.2139,34.2,-1.85,-1.5,167.,0.35000000000000003,0.14
121488,341547,54.139,12.094333,7.9,7,0.9151,34.2,-1.84,-1.4000000000000001,163.,0.36,0.14
121488,341616,54.1365,12.094667,7.8,7,0.9131,34.2,-1.84,-1.4000000000000001,162.70000000000002,0.36,0.14
121488,342545,54.107,12.102,6.9,9,0.9373,34.2,-1.84,-1.3,159.3,0.36,0.13
121488,343013,54.095167,12.118667,6.7,9,0.9812000000000001,34.2,-1.84,-1.3,158.20000000000002,0.36,0.13
121488,343550,54.092833,12.138833,0.3,10,0.8629,34.2,-1.84,-1.3,158.5,0.36,0.14
121488,343558,54.092832,12.138832,0.2,10,0.8629,34.2,-1.84,-1.3,158.5,0.36,0.14
121488,344058,54.092833,12.138667,0.,10,0.862,34.2,-1.84,-1.3,158.4,0.36,0.14
121488,344499,54.092833,12.138667,0.,10,0.862,34.2,-1.84,-1.3,158.4,0.36,0.14
121488,344502,54.092832,12.138667,0.,10,0.862,34.2,-1.84,-1.3,158.4,0.36,0.14
121488,345262,54.092833,12.138667,0.,10,0.862,34.2,-1.84,-1.3,158.4,0.36,0.14
121488,345567,54.092833,12.138667,0.,10,0.862,34.2,-1.84,-1.3,158.4,0.36,0.14
121488,346174,54.092833,12.138667,0.,10,0.862,34.2,-1.84,-1.3,158.3,0.36,0.13
121488,346178,54.092832,12.138667,0.,10,0.862,34.2,-1.84,-1.3,158.3,0.36,0.13
121488,346743,54.093667,12.128667,3.1,10,0.8128000000000001,34.2,-1.84,-1.3,158.10000000000002,0.36,0.13
121488,347255,54.102832,12.106832,7.4,9,0.9483,34.2,-1.84,-1.3,158.70000000000002,0.36,0.13
121488,347263,54.103167,12.106667,7.4,9,0.9480000000000001,34.2,-1.84,-1.3,158.70000000000002,0.36,0.13
121488,347733,54.117833,12.096333,7.2,8,0.9311,34.2,-1.84,-1.3,160.20000000000002,0.36,0.13
121488,348222,54.133832,12.096167,7.2,7,0.9092,34.2,-1.84,-1.4000000000000001,162.20000000000002,0.36,0.14
121488,348397,54.139833,12.095667,7.3,7,0.9139,34.2,-1.84,-1.4000000000000001,163.,0.37,0.14
121488,348697,54.149833,12.096333,7.4,6,0.9199,34.2,-1.85,-1.4000000000000001,164.3,0.37,0.14
121488,349190,54.1665,12.098667,7.2,6,0.9294,34.2,-1.85,-1.5,166.3,0.37,0.14
121488,349486,54.175667,12.0965,3.9,0,1.1983000000000001,34.2,-1.85,-1.5,166.8,0.36,0.14
121488,349663,54.182,12.093167,8.1,-1,1.2278,34.2,-1.85,-1.5,167.10000000000002,0.36,0.14
121488,350228,54.190332,12.081667,7.4,4,0.9716,34.2,-1.85,-1.5,167.10000000000002,0.35000000000000003,0.14
121488,350535,54.182333,12.091167,6.8,-1,1.2464,34.2,-1.85,-1.5,167.,0.36,0.14
121488,350659,54.178833,12.093333,6.7,-1,1.2273,34.2,-1.85,-1.5,166.9,0.36,0.14
121488,351155,54.163167,12.097167,6.9,6,0.9283,34.2,-1.85,-1.5,165.9,0.37,0.14
121488,351485,54.1525,12.095833,7.2,6,0.9222,34.2,-1.85,-1.4000000000000001,164.5,0.37,0.14
121488,351569,54.1495,12.095667,7.3,6,0.9204,34.2,-1.84,-1.4000000000000001,164.10000000000002,0.37,0.14
121488,352197,54.1295,12.0965,6.9,7,0.9058,34.2,-1.84,-1.4000000000000001,161.60000000000002,0.37,0.13
121488,352414,54.121833,12.095833,7.1,8,0.9333,34.2,-1.84,-1.3,160.5,0.36,0.13
121488,352482,54.1195,12.095833,7.1,8,0.9314,34.2,-1.84,-1.3,160.20000000000002,0.36,0.13
121488,353253,54.097832,12.113167,7.2,9,0.9649000000000001,34.2,-1.84,-1.3,157.9,0.36,0.13
121488,353365,54.095,12.117833,7.1,9,0.9786,34.2,-1.84,-1.3,157.70000000000002,0.36,0.13
121488,353538,54.093833,12.125833,5.6,10,0.7988000000000001,34.2,-1.84,-1.3,157.70000000000002,0.37,0.13
121488,354274,54.092833,12.138667,0.,10,0.862,34.2,-1.84,-1.3,157.9,0.37,0.13
121488,354454,54.092833,12.138667,0.,10,0.862,34.2,-1.84,-1.3,157.9,0.37,0.13
121488,354774,54.092832,12.138667,0.,10,0.862,34.2,-1.84,-1.3,157.9,0.37,0.13
121488,355242,54.092833,12.138667,0.,10,0.862,34.2,-1.84,-1.3,157.9,0.37,0.13
121488,355413,54.092833,12.138667,0.,10,0.862,34.2,-1.84,-1.3,157.9,0.37,0.13
121488,356381,54.092833,12.138667,0.,10,0.862,34.2,-1.84,-1.3,157.8,0.37,0.13
121488,357281,54.092832,12.138667,0.,10,0.862,34.2,-1.84,-1.3,157.8,0.37,0.13
121488,357341,54.092833,12.138667,0.,10,0.862,34.2,-1.84,-1.3,157.8,0.37,0.13
121488,358215,54.104,12.105667,6.3,9,0.9456,34.2,-1.84,-1.3,158.3,0.37,0.13
121488,358275,54.105667,12.103833,6.9,9,0.9415,34.2,-1.84,-1.3,158.4,0.37,0.13
121488,358315,54.106833,12.103,6.9,9,0.9399000000000001,34.2,-1.84,-1.3,158.60000000000002,0.37,0.13
121488,359251,54.1365,12.095833,7.1,7,0.9115000000000001,34.2,-1.84,-1.4000000000000001,162.20000000000002,0.37,0.13
121488,359255,54.1365,12.095832,7.1,7,0.9115000000000001,34.2,-1.84,-1.4000000000000001,162.20000000000002,0.37,0.13
121488,359276,54.137,12.095833,6.7,7,0.9118,34.2,-1.84,-1.4000000000000001,162.3,0.37,0.13
121488,360216,54.167333,12.098333,6.,0,1.1828,34.2,-1.85,-1.5,166.10000000000002,0.37,0.14
121488,360220,54.167332,12.098332,6.,0,1.1828,34.2,-1.85,-1.5,166.10000000000002,0.37,0.14
121488,360474,54.173,12.097333,6.4,0,1.1911,34.2,-1.85,-1.5,166.5,0.37,0.14
121488,361174,54.191667,12.093,6.5,-1,1.226,34.2,-1.85,-1.5,167.70000000000002,0.36,0.13
121488,361314,54.191,12.0855,5.9,-2,1.2947,34.2,-1.85,-1.5,167.20000000000002,0.36,0.13
121488,361539,54.185333,12.089333,6.9,-1,1.2622,34.2,-1.85,-1.5,167.,0.36,0.13
121488,362085,54.1685,12.097332,6.9,0,1.1922000000000001,34.2,-1.85,-1.5,166.10000000000002,0.37,0.14
121488,362317,54.161,12.097333,6.7,6,0.9266000000000001,34.2,-1.85,-1.5,165.5,0.38,0.14
121488,362493,54.155667,12.096167,7.,6,0.924,34.2,-1.85,-1.4000000000000001,164.70000000000002,0.38,0.14
121488,363029,54.138167,12.095,6.9,7,0.9137000000000001,34.2,-1.84,-1.4000000000000001,162.20000000000002,0.37,0.13
121488,363265,54.129833,12.0965,7.1,7,0.906,34.2,-1.84,-1.4000000000000001,161.20000000000002,0.37,0.13
121488,363570,54.12,12.096167,7.2,8,0.9325,34.2,-1.84,-1.3,159.8,0.37,0.13
121488,364161,54.102167,12.1075,6.9,9,0.9499000000000001,34.2,-1.84,-1.3,157.8,0.37,0.13
121488,364290,54.099,12.112167,6.3,9,0.9623,34.2,-1.84,-1.3,157.5,0.37,0.13
121488,364838,54.094333,12.120667,3.3,9,0.9873000000000001,34.2,-1.84,-1.3,157.,0.37,0.13
121488,365796,54.093667,12.129333,0.1,10,0.8161,34.2,-1.84,-1.3,157.20000000000002,0.37,0.13
121488,366264,54.0935,12.132,1.4,10,0.8293,34.2,-1.84,-1.3,157.20000000000002,0.37,0.13
121488,366860,54.092833,12.139,0.3,10,0.8637,34.2,-1.84,-1.3,157.3,0.38,0.13
121488,367256,54.092833,12.138667,0.,10,0.862,34.2,-1.84,-1.3,157.3,0.38,0.13
121488,367668,54.092832,12.138832,0.,10,0.8629,34.2,-1.84,-1.3,157.3,0.38,0.13
121488,367788,54.092833,12.138833,0.,10,0.8629,34.2,-1.84,-1.3,157.20000000000002,0.38,0.13
121488,368244,54.092833,12.138833,0.,10,0.8629,34.2,-1.84,-1.3,157.20000000000002,0.38,0.13
121488,409734,54.092833,12.138833,0.,10,0.8629,34.2,-1.84,-1.3,155.10000000000002,0.4,0.13
121488,409738,54.092832,12.138832,0.,10,0.8629,34.2,-1.84,-1.3,155.10000000000002,0.4,0.13
121488,410750,54.105,12.1045,6.7,9,0.9429000000000001,34.2,-1.84,-1.3,155.8,0.4,0.13
121488,410926,54.110167,12.100333,7.2,8,0.9351,34.2,-1.84,-1.3,156.4,0.4,0.13
121488,411134,54.116667,12.096832,7.2,8,0.9313,34.2,-1.84,-1.3,157.3,0.4,0.13
121488,411681,54.1345,12.096167,7.1,7,0.9097000000000001,34.2,-1.84,-1.4000000000000001,160.10000000000002,0.4,0.13
121488,411849,54.140167,12.096,7.1,7,0.9137000000000001,34.2,-1.84,-1.4000000000000001,161.,0.4,0.13
121488,412081,54.147167,12.0965,6.9,6,0.9179,34.2,-1.85,-1.4000000000000001,162.20000000000002,0.4,0.13
121488,412585,54.163833,12.0985,7.,6,0.9276000000000001,34.2,-1.85,-1.5,164.8,0.4,0.13
121488,412781,54.170333,12.099167,7.,0,1.1741000000000001,34.2,-1.85,-1.5,165.4,0.4,0.13
121488,413045,54.1785,12.095332,6.3,-1,1.2086000000000001,34.2,-1.85,-1.5,165.9,0.39,0.13
121488,413556,54.194667,12.087,7.2,-1,1.2792000000000001,34.2,-1.85,-1.5,166.8,0.38,0.12
121488,413848,54.184167,12.09,8.4,-1,1.2565,34.2,-1.85,-1.5,166.,0.39,0.13
121488,413977,54.180332,12.092332,7.2,-1,1.2362,34.2,-1.85,-1.5,165.8,0.39,0.13
121488,414521,54.163667,12.096667,6.5,6,0.929,34.2,-1.85,-1.5,164.60000000000002,0.4,0.13
121488,414881,54.152167,12.0955,7.1,6,0.9223,34.2,-1.85,-1.5,162.9,0.41000000000000003,0.13
121488,414885,54.152167,12.0955,7.1,6,0.9223,34.2,-1.85,-1.5,162.9,0.41000000000000003,0.13
121488,415429,54.135333,12.095333,6.8,7,0.9114000000000001,34.2,-1.84,-1.4000000000000001,160.10000000000002,0.4,0.13
121488,415906,54.119667,12.095667,7.2,8,0.9311,34.2,-1.84,-1.4000000000000001,157.5,0.4,0.13
121488,415990,54.116332,12.096332,7.1,8,0.9298000000000001,34.2,-1.84,-1.3,157.,0.4,0.12
121488,416391,54.104333,12.104667,6.8,9,0.9430000000000001,34.1,-1.84,-1.3,155.4,0.4,0.12
121488,417178,54.093667,12.137833,3.1,10,0.8589,34.2,-1.84,-1.3,154.9,0.41000000000000003,0.13
121488,417181,54.093667,12.137832,3.1,10,0.8589,34.2,-1.84,-1.3,154.9,0.41000000000000003,0.13
121488,417393,54.092833,12.138833,0.3,10,0.8629,34.2,-1.84,-1.3,154.8,0.41000000000000003,0.13
121488,418421,54.092833,12.138667,0.,10,0.862,34.2,-1.84,-1.3,154.70000000000002,0.41000000000000003,0.13
121488,418481,54.092833,12.138667,0.,10,0.862,34.2,-1.84,-1.3,154.70000000000002,0.41000000000000003,0.13
121488,418722,54.092832,12.138832,0.9,10,0.8629,34.2,-1.84,-1.3,154.70000000000002,0.41000000000000003,0.13
121488,419330,54.100167,12.110667,7.2,9,0.9583,34.1,-1.84,-1.3,154.8,0.4,0.12
121488,419451,54.103167,12.106167,7.3,9,0.9466,34.1,-1.84,-1.3,155.10000000000002,0.4,0.12
121488,419712,54.110832,12.099667,7.2,8,0.9338000000000001,34.1,-1.84,-1.3,156.10000000000002,0.4,0.12
121488,420275,54.128833,12.096833,7.,7,0.9048,34.2,-1.84,-1.4000000000000001,158.9,0.41000000000000003,0.13
121488,420571,54.1385,12.095667,6.9,7,0.9131,34.2,-1.84,-1.4000000000000001,160.5,0.41000000000000003,0.13
121488,420635,54.1405,12.095667,6.7,7,0.9144,34.2,-1.84,-1.4000000000000001,160.8,0.41000000000000003,0.13
121488,421189,54.1585,12.097167,7.1,6,0.925,34.2,-1.85,-1.5,163.9,0.41000000000000003,0.13
121488,421510,54.169,12.098,6.9,0,1.1856,34.2,-1.85,-1.5,165.10000000000002,0.4,0.13
121488,421589,54.1715,12.097667,6.9,0,1.1883000000000001,34.2,-1.85,-1.5,165.3,0.4,0.13
121488,422153,54.189667,12.0885,8.2,-1,1.2679,34.2,-1.85,-1.5,166.3,0.39,0.12
121488,422503,54.1885,12.087667,8.3,-1,1.2761,34.2,-1.85,-1.5,166.10000000000002,0.39,0.12
121488,422507,54.1885,12.087667,8.3,-1,1.2761,34.2,-1.85,-1.5,166.10000000000002,0.39,0.12
121488,423060,54.170833,12.097,7.1,0,1.1948,34.2,-1.85,-1.5,165.10000000000002,0.4,0.13
121488,423432,54.158667,12.096667,7.1,6,0.9256000000000001,34.2,-1.85,-1.5,163.8,0.41000000000000003,0.13
121488,423482,54.157,12.096333,7.2,6,0.9247000000000001,34.2,-1.85,-1.5,163.5,0.41000000000000003,0.13
121488,424089,54.1375,12.095167,7.1,7,0.9131,34.2,-1.84,-1.4000000000000001,160.10000000000002,0.41000000000000003,0.13
121488,424338,54.129832,12.096167,6.9,7,0.9065000000000001,34.2,-1.84,-1.4000000000000001,158.9,0.41000000000000003,0.12
121488,424677,54.117667,12.095833,7.5,8,0.9298000000000001,34.1,-1.84,-1.3,156.8,0.41000000000000003,0.12
121488,425041,54.105667,12.103167,7.5,9,0.9397000000000001,34.1,-1.84,-1.3,155.10000000000002,0.41000000000000003,0.12
121488,425742,54.0935,12.135667,4.7,10,0.8478,34.1,-1.84,-1.3,154.3,0.41000000000000003,0.13
121488,425746,54.0935,12.135667,4.7,10,0.8478,34.1,-1.84,-1.3,154.3,0.41000000000000003,0.13
121488,425990,54.092833,12.138833,0.3,10,0.8629,34.1,-1.84,-1.3,154.3,0.41000000000000003,0.13
121488,426810,54.092833,12.138667,0.,10,0.862,34.1,-1.84,-1.3,154.3,0.41000000000000003,0.13
121488,426910,54.092667,12.138667,0.,10,0.8618,34.1,-1.84,-1.3,154.20000000000002,0.41000000000000003,0.13
121488,427022,54.093667,12.136,6.9,10,0.8497,34.1,-1.84,-1.3,154.3,0.41000000000000003,0.13
121488,427751,54.105833,12.103667,7.2,9,0.9411,34.1,-1.84,-1.3,155.10000000000002,0.41000000000000003,0.12
121488,427851,54.108833,12.101,7.4,9,0.9359000000000001,34.1,-1.84,-1.3,155.4,0.41000000000000003,0.12
121488,427935,54.111332,12.0995,7.2,8,0.9338000000000001,34.1,-1.84,-1.3,155.8,0.41000000000000003,0.12
121488,428700,54.137333,12.095667,7.5,7,0.9123,34.2,-1.84,-1.4000000000000001,160.,0.41000000000000003,0.12
121488,428764,54.1395,12.095667,7.6,7,0.9137000000000001,34.2,-1.84,-1.4000000000000001,160.4,0.41000000000000003,0.12
121488,428836,54.141832,12.096167,7.6,7,0.9146000000000001,34.2,-1.84,-1.4000000000000001,160.8,0.41000000000000003,0.12
121488,430562,54.1895,12.087333,8.4,-1,1.2787000000000002,34.2,-1.85,-1.5,166.,0.39,0.12
121488,430630,54.187,12.088667,8.,-1,1.2676,34.2,-1.85,-1.5,165.9,0.4,0.12
121488,430698,54.185,12.089332,7.2,-1,1.2624,34.2,-1.85,-1.5,165.70000000000002,0.4,0.12
121488,431514,54.1645,12.097,7.2,6,0.9293,34.2,-1.85,-1.5,164.4,0.41000000000000003,0.13
121488,431602,54.161332,12.096667,7.2,6,0.9274,34.2,-1.85,-1.5,164.,0.41000000000000003,0.13
121488,431671,54.159,12.096333,6.3,6,0.9261,34.2,-1.85,-1.5,163.70000000000002,0.42,0.13
121488,432462,54.132167,12.095833,7.2,7,0.9086000000000001,34.2,-1.84,-1.4000000000000001,159.,0.41000000000000003,0.12
121488,432654,54.126,12.096167,7.5,8,0.9039,34.2,-1.84,-1.4000000000000001,157.9,0.41000000000000003,0.12
121488,432722,54.123832,12.096167,5.6,8,0.9358000000000001,34.1,-1.84,-1.4000000000000001,157.5,0.41000000000000003,0.12
121488,433378,54.102833,12.106167,7.3,9,0.9465,34.1,-1.84,-1.3,154.4,0.41000000000000003,0.12
121488,433602,54.097167,12.114333,7.3,9,0.9683,34.1,-1.84,-1.3,153.70000000000002,0.41000000000000003,0.12
121488,433671,54.095667,12.116667,6.7,9,0.9751000000000001,34.1,-1.84,-1.3,153.5,0.41000000000000003,0.12
121488,434404,54.093,12.139,0.5,10,0.8639,34.1,-1.84,-1.3,153.9,0.42,0.13
121488,434896,54.092833,12.138667,0.,10,0.862,34.1,-1.84,-1.3,153.9,0.42,0.13
121488,435869,54.094167,12.123667,6.8,9,0.9967,34.1,-1.84,-1.3,153.4,0.41000000000000003,0.12
121488,435874,54.094167,12.123667,6.7,9,0.9967,34.1,-1.84,-1.3,153.4,0.41000000000000003,0.12
121488,436794,54.1185,12.0965,7.4,8,0.932,34.1,-1.84,-1.4000000000000001,156.5,0.41000000000000003,0.12
121488,436850,54.1205,12.0965,7.2,8,0.9337000000000001,34.1,-1.84,-1.4000000000000001,156.8,0.41000000000000003,0.12
121488,436868,54.120832,12.0965,7.2,8,0.934,34.1,-1.84,-1.4000000000000001,156.9,0.41000000000000003,0.12
121488,437767,54.152167,12.095667,6.6,6,0.9222,34.2,-1.85,-1.5,162.3,0.42,0.12
121488,437803,54.153167,12.096,6.9,6,0.9225000000000001,34.2,-1.85,-1.5,162.5,0.42,0.12
121488,437859,54.155,12.096833,6.9,6,0.9229,34.2,-1.85,-1.5,162.9,0.42,0.12
121488,438720,54.183332,12.092332,6.3,-1,1.2351,34.2,-1.85,-1.5,165.70000000000002,0.4,0.12
121488,438797,54.184,12.090833,4.9,-1,1.2488000000000001,34.2,-1.85,-1.5,165.60000000000002,0.4,0.12
121488,439697,54.1565,12.096167,6.9,6,0.9246000000000001,34.2,-1.85,-1.5,163.10000000000002,0.42,0.12
121488,439701,54.1565,12.096167,6.9,6,0.9246000000000001,34.2,-1.85,-1.5,163.10000000000002,0.42,0.12
121488,439702,54.1565,12.096167,6.9,6,0.9246000000000001,34.2,-1.85,-1.5,163.10000000000002,0.42,0.12
121488,440615,54.127667,12.096333,6.8,7,0.9048,34.1,-1.84,-1.4000000000000001,157.9,0.42,0.12
121488,440671,54.125833,12.096167,6.8,8,0.9038,34.1,-1.84,-1.4000000000000001,157.60000000000002,0.42,0.12
121488,441063,54.113332,12.097667,6.9,8,0.9307000000000001,34.1,-1.84,-1.3,155.4,0.42,0.12
121488,441531,54.099833,12.110333,7.2,9,0.9572,34.1,-1.84,-1.3,153.60000000000002,0.42,0.12
121488,441639,54.097,12.1145,7.2,9,0.9687,34.1,-1.84,-1.3,153.3,0.42,0.12
121488,442008,54.0935,12.129167,5.1,10,0.8150000000000001,34.1,-1.84,-1.3,153.20000000000002,0.42,0.12
121488,442553,54.092833,12.138667,0.,10,0.862,34.1,-1.84,-1.3,153.5,0.42,0.12
121488,442585,54.092833,12.138667,0.,10,0.862,34.1,-1.84,-1.3,153.5,0.42,0.12
121488,443554,54.093667,12.128667,6.2,10,0.8128000000000001,34.1,-1.84,-1.3,153.20000000000002,0.42,0.12
121488,444359,54.103167,12.106833,6.7,9,0.9485,34.1,-1.84,-1.3,153.9,0.42,0.12
121488,444363,54.103167,12.106832,6.7,9,0.9485,34.1,-1.84,-1.3,153.9,0.42,0.12
121488,444480,54.1065,12.103333,6.8,9,0.9406,34.1,-1.84,-1.3,154.4,0.42,0.12
121488,445311,54.131,12.097,6.4,7,0.9061,34.1,-1.84,-1.4000000000000001,158.4,0.42,0.12
121488,445312,54.131,12.097,6.3,7,0.9061,34.1,-1.84,-1.4000000000000001,158.4,0.42,0.12
121488,445431,54.134667,12.096333,6.5,7,0.9096000000000001,34.2,-1.84,-1.4000000000000001,159.,0.42,0.12
121488,446231,54.159832,12.097832,7.4,6,0.9253,34.2,-1.85,-1.5,163.70000000000002,0.42,0.12
121488,446247,54.1605,12.097833,7.3,6,0.9258000000000001,34.2,-1.85,-1.5,163.8,0.42,0.12
121488,446383,54.164833,12.098,7.2,6,0.9288000000000001,34.2,-1.85,-1.5,164.20000000000002,0.42,0.12
121488,447247,54.1805,12.0915,6.8,-1,1.244,34.2,-1.85,-1.5,165.20000000000002,0.41000000000000003,0.12
121488,447343,54.177833,12.093333,6.8,-1,1.2277,34.2,-1.85,-1.5,165.,0.41000000000000003,0.12
121488,447463,54.174332,12.095332,5.8,-1,1.2098,34.2,-1.85,-1.5,164.9,0.41000000000000003,0.12
121488,448311,54.146667,12.095167,7.4,6,0.9191,34.2,-1.85,-1.4000000000000001,161.,0.42,0.12
121488,448480,54.140832,12.094667,7.6,7,0.9159,34.2,-1.84,-1.4000000000000001,159.9,0.42,0.12
121488,449391,54.108667,12.100667,8.1,9,0.9349000000000001,34.1,-1.84,-1.3,154.4,0.42,0.12
121488,449655,54.100333,12.109667,8.1,9,0.9554,34.1,-1.84,-1.3,153.3,0.42,0.12
121488,449973,54.093832,12.1255,6.7,10,0.7971,34.1,-1.84,-1.3,152.70000000000002,0.42,0.12
121488,450401,54.093,12.138833,0.,10,0.8631000000000001,34.1,-1.84,-1.3,153.1,0.43,0.12
121488,450621,54.092833,12.138833,0.1,10,0.8629,34.1,-1.84,-1.3,153.1,0.43,0.12
121488,451130,54.092832,12.138832,0.,10,0.8629,34.1,-1.84,-1.3,153.1,0.43,0.12
121488,451350,54.092833,12.138833,0.,10,0.8629,34.1,-1.84,-1.3,153.1,0.43,0.12
121488,494979,54.092868,12.138892,0.,10,0.8632000000000001,34.1,-1.84,-1.3,150.9,0.45,0.12
121488,494983,54.092867,12.138892,0.,10,0.8632000000000001,34.1,-1.84,-1.3,150.9,0.45,0.12
121488,496239,54.093667,12.133333,5.7,10,0.8363,34.1,-1.84,-1.3,150.70000000000002,0.45,0.12
121488,496244,54.093667,12.133332,5.6,10,0.8363,34.1,-1.84,-1.3,150.70000000000002,0.45,0.12
121488,497164,54.1105,12.100167,6.7,8,0.9349000000000001,34.1,-1.84,-1.4000000000000001,152.4,0.45,0.12
121488,497180,54.1105,12.100167,6.8,8,0.9349000000000001,34.1,-1.84,-1.4000000000000001,152.4,0.45,0.12
121488,497269,54.114,12.098167,6.8,8,0.9324,34.1,-1.84,-1.4000000000000001,153.,0.45,0.12
121488,498098,54.136333,12.096,4.8,7,0.9112,34.1,-1.84,-1.4000000000000001,157.5,0.45,0.12
121488,498102,54.136332,12.096,4.7,7,0.9112,34.1,-1.84,-1.4000000000000001,157.5,0.45,0.12
121488,498274,54.141333,12.095833,5.7,7,0.9147000000000001,34.1,-1.84,-1.5,158.5,0.45,0.12
121488,499138,54.168333,12.099,7.,0,1.1761000000000001,34.2,-1.85,-1.5,163.60000000000002,0.45,0.11
121488,499139,54.168332,12.099,6.9,0,1.1761000000000001,34.2,-1.85,-1.5,163.60000000000002,0.45,0.11
121488,499370,54.175833,12.096333,7.,0,1.1999,34.2,-1.85,-1.5,164.20000000000002,0.44,0.11
121488,500059,54.190667,12.086,8.3,-2,1.2903,34.2,-1.85,-1.6,164.9,0.43,0.11
121488,500377,54.179667,12.0925,7.2,-1,1.2349,34.2,-1.85,-1.5,164.20000000000002,0.44,0.11
121488,500990,54.159667,12.096667,7.1,6,0.9263,34.1,-1.85,-1.5,162.4,0.46,0.11
121488,501289,54.15,12.095167,7.,6,0.9213,34.1,-1.85,-1.5,160.20000000000002,0.45,0.11
121488,501425,54.1455,12.095332,6.9,6,0.9181,34.1,-1.85,-1.5,159.20000000000002,0.45,0.11
121488,501933,54.1285,12.096167,7.,7,0.9056000000000001,34.1,-1.84,-1.4000000000000001,155.70000000000002,0.45,0.11
121488,502381,54.1135,12.097332,6.7,8,0.93,34.1,-1.84,-1.4000000000000001,152.6,0.45,0.11
121488,502901,54.099333,12.111167,6.5,9,0.9594,34.1,-1.84,-1.3,150.4,0.45,0.12
121488,503263,54.0935,12.126667,7.1,10,0.8024,34.1,-1.84,-1.3,149.9,0.46,0.12
121488,503340,54.093332,12.129832,3.8,10,0.8180000000000001,34.1,-1.84,-1.3,150.1,0.46,0.12
121488,503892,54.092833,12.138667,0.,10,0.862,34.1,-1.84,-1.3,150.4,0.46,0.12
121488,504220,54.092667,12.138667,0.,10,0.8618,34.1,-1.84,-1.3,150.3,0.46,0.12
121488,504281,54.092667,12.1385,0.4,10,0.861,34.1,-1.84,-1.3,150.3,0.46,0.12
121488,505134,54.093667,12.136833,6.5,10,0.8539,34.1,-1.84,-1.3,150.4,0.46,0.12
121488,505150,54.093667,12.135833,6.8,10,0.8489,34.1,-1.84,-1.3,150.4,0.46,0.12
121488,505222,54.093667,12.132,7.2,10,0.8296,34.1,-1.84,-1.3,150.20000000000002,0.46,0.12
121488,506086,54.111,12.099667,6.7,8,0.9339000000000001,34.1,-1.84,-1.4000000000000001,152.1,0.45,0.11
121488,506170,54.1135,12.098332,6.7,8,0.9324,34.1,-1.84,-1.4000000000000001,152.5,0.45,0.11
121488,506246,54.116,12.097,6.9,8,0.9312,34.1,-1.84,-1.4000000000000001,153.,0.45,0.11
121488,506999,54.139667,12.0955,6.8,7,0.914,34.1,-1.84,-1.4000000000000001,157.9,0.46,0.11
121488,507123,54.1435,12.096,6.7,7,0.916,34.1,-1.85,-1.5,158.70000000000002,0.46,0.11
121488,507156,54.144333,12.096,6.9,7,0.9165000000000001,34.1,-1.85,-1.5,158.9,0.46,0.11
121488,507941,54.168833,12.100667,6.9,0,1.1599000000000002,34.2,-1.85,-1.5,163.70000000000002,0.45,0.11
121488,508122,54.174167,12.0975,6.8,0,1.1892,34.2,-1.85,-1.5,163.9,0.45,0.11
121488,508133,54.1745,12.097332,6.7,0,1.1907,34.2,-1.85,-1.5,164.,0.45,0.11
121488,508875,54.186333,12.089,8.5,-1,1.2648000000000001,34.2,-1.85,-1.5,164.5,0.44,0.11
121488,509083,54.1795,12.093,7.2,-1,1.2303,34.2,-1.85,-1.5,164.10000000000002,0.44,0.11
121488,509086,54.1795,12.093,7.3,-1,1.2303,34.2,-1.85,-1.5,164.10000000000002,0.44,0.11
121488,509854,54.154667,12.096,7.3,6,0.9235000000000001,34.1,-1.85,-1.5,161.,0.46,0.11
121488,510026,54.149167,12.095167,7.1,6,0.9207000000000001,34.1,-1.85,-1.5,159.8,0.46,0.11
121488,510034,54.149167,12.095167,7.1,6,0.9207000000000001,34.1,-1.85,-1.5,159.8,0.46,0.11
121488,510771,54.124,12.096167,7.5,8,0.9359000000000001,34.1,-1.84,-1.4000000000000001,154.4,0.46,0.11
121488,510951,54.117333,12.096167,7.6,8,0.9303,34.1,-1.84,-1.4000000000000001,153.,0.46,0.11
121488,511000,54.1155,12.096832,7.6,8,0.9304,34.1,-1.84,-1.4000000000000001,152.6,0.46,0.11
121488,511764,54.094333,12.120167,5.9,9,0.9858,34.1,-1.84,-1.3,149.3,0.46,0.12
121488,512148,54.093667,12.135167,7.,10,0.8455,34.1,-1.84,-1.3,150.,0.46,0.12
121488,512152,54.093667,12.135167,6.9,10,0.8455,34.1,-1.84,-1.3,150.,0.46,0.12
121488,512760,54.092833,12.138667,0.,10,0.862,34.1,-1.84,-1.3,150.,0.46,0.12
121488,513120,54.092833,12.138667,0.,10,0.862,34.1,-1.84,-1.3,149.9,0.46,0.12
121488,513741,54.092833,12.138667,0.,10,0.862,34.1,-1.84,-1.3,149.9,0.46,0.12
121488,514100,54.094,12.124667,6.2,9,0.9998,34.1,-1.84,-1.3,149.4,0.46,0.12
121488,514488,54.1015,12.109167,6.9,9,0.9544,34.1,-1.84,-1.3,150.20000000000002,0.46,0.11
121488,514680,54.106833,12.103,7.2,9,0.9399000000000001,34.1,-1.84,-1.3,151.,0.46,0.11
121488,515044,54.118,12.0965,7.1,8,0.9316000000000001,34.1,-1.84,-1.4000000000000001,153.,0.46,0.11
121488,515605,54.135833,12.095833,6.9,7,0.911,34.1,-1.84,-1.4000000000000001,156.8,0.46,0.11
121488,515644,54.136667,12.095,7.,7,0.9127000000000001,34.1,-1.84,-1.4000000000000001,156.9,0.46,0.11
121488,515772,54.141667,12.095832,6.9,7,0.915,34.1,-1.85,-1.5,158.,0.46,0.11
121488,515973,54.148333,12.0965,7.2,6,0.9187000000000001,34.1,-1.85,-1.5,159.60000000000002,0.46,0.11
121488,516889,54.1775,12.095667,7.3,-1,1.2057,34.2,-1.85,-1.5,164.,0.45,0.11
121488,516908,54.1785,12.095,7.3,-1,1.2117,34.2,-1.85,-1.5,164.,0.45,0.11
121488,516912,54.1785,12.095,7.2,-1,1.2117,34.2,-1.85,-1.5,164.,0.45,0.11
121488,517928,54.1775,12.093667,6.7,-1,1.2246000000000001,34.2,-1.85,-1.5,163.8,0.45,0.11
121488,517964,54.176333,12.094333,6.7,-1,1.2187000000000001,34.2,-1.85,-1.5,163.70000000000002,0.45,0.11
121488,518000,54.1755,12.094833,6.7,-1,1.2142000000000002,34.2,-1.85,-1.5,163.60000000000002,0.45,0.11
121488,518833,54.149667,12.095167,6.9,6,0.921,34.1,-1.85,-1.5,159.60000000000002,0.46,0.11
121488,518869,54.151833,12.0955,6.8,6,0.9221,34.1,-1.85,-1.5,160.10000000000002,0.46,0.11
121488,518902,54.147667,12.095167,6.9,6,0.9197000000000001,34.1,-1.85,-1.5,159.20000000000002,0.46,0.11
121488,519824,54.116667,12.096333,7.3,8,0.9301,34.1,-1.84,-1.4000000000000001,152.5,0.46,0.11
121488,520926,54.0935,12.1305,5.9,10,0.8217,34.1,-1.84,-1.3,149.3,0.47000000000000003,0.12
121488,521078,54.0935,12.137,3.6,10,0.8545,34.1,-1.84,-1.3,149.6,0.47000000000000003,0.12
121488,521859,54.092833,12.138667,0.,10,0.862,34.1,-1.84,-1.3,149.5,0.47000000000000003,0.12
121488,522130,54.092832,12.138667,0.,10,0.862,34.1,-1.84,-1.3,149.5,0.47000000000000003,0.12
121488,522763,54.092833,12.138667,0.,10,0.862,34.1,-1.84,-1.3,149.5,0.47000000000000003,0.12
121488,523039,54.092832,12.138667,0.,10,0.862,34.1,-1.84,-1.3,149.4,0.47000000000000003,0.12
121488,591727,54.092833,12.138667,0.,10,0.862,34.1,-1.84,-1.4000000000000001,146.,0.51,0.11
121488,592740,54.092833,12.138667,0.,10,0.862,34.1,-1.84,-1.4000000000000001,145.9,0.51,0.11
121488,592989,54.093833,12.136333,4.7,10,0.8516,34.1,-1.84,-1.4000000000000001,146.1,0.51,0.11
121488,592993,54.093832,12.136332,4.7,10,0.8516,34.1,-1.84,-1.4000000000000001,146.1,0.51,0.11
121488,593685,54.102,12.108167,7.3,9,0.9518000000000001,34.1,-1.84,-1.4000000000000001,146.3,0.51,0.11
121488,593953,54.109332,12.1005,7.2,8,0.9349000000000001,34.1,-1.84,-1.4000000000000001,147.6,0.51,0.1
121488,594190,54.117333,12.0965,7.,8,0.9311,34.1,-1.84,-1.4000000000000001,149.4,0.51,0.1
121488,594601,54.130167,12.096667,7.1,7,0.906,34.1,-1.84,-1.4000000000000001,152.70000000000002,0.51,0.1
121488,594886,54.139832,12.095167,7.1,7,0.9146000000000001,34.1,-1.85,-1.5,155.,0.51,0.1
121488,595202,54.15,12.095333,6.5,6,0.9211,34.1,-1.85,-1.5,157.70000000000002,0.51,0.1
121488,595602,54.163167,12.097833,7.1,6,0.9277000000000001,34.1,-1.85,-1.6,161.,0.51,0.1
121488,595824,54.170832,12.098,7.4,0,1.1852,34.1,-1.85,-1.6,162.,0.5,0.1
121488,596147,54.181333,12.092333,7.2,-1,1.2359,34.1,-1.85,-1.6,162.70000000000002,0.49,0.1
121488,596559,54.194667,12.0935,7.5,-1,1.2204000000000002,34.1,-1.86,-1.6,164.60000000000002,0.48,0.09
121488,596936,54.206,12.103,7.4,1,1.1332,34.2,-1.86,-1.6,166.9,0.47000000000000003,0.09
121488,597091,54.211167,12.107333,7.5,1,1.3458,34.2,-1.86,-1.6,167.8,0.47000000000000003,0.09
121488,597500,54.224,12.118,7.5,2,1.3163,34.2,-1.86,-1.6,170.,0.45,0.08
121488,598065,54.240667,12.134333,7.4,3,1.3856000000000002,34.2,-1.87,-1.6,172.5,0.44,0.08
121488,598443,54.251667,12.145833,7.4,-2,1.3486,34.2,-1.87,-1.5,173.3,0.43,0.08
121488,599140,54.272167,12.1635,6.8,-2,1.3921000000000001,34.2,-1.87,-1.5,174.20000000000002,0.42,0.07
121488,599143,54.272167,12.1635,6.7,-2,1.3921000000000001,34.2,-1.87,-1.5,174.20000000000002,0.42,0.07
121488,599507,54.282167,12.172833,6.9,-1,1.3235000000000001,34.2,-1.87,-1.4000000000000001,174.20000000000002,0.42,0.07
121488,601099,54.3255,12.2195,6.9,-1,1.4693,34.2,-1.87,-1.3,173.9,0.4,0.07