TrackNumber,Time(seconds),Latitude,Longitude,SOG,oceanic depth,Chlorophyll Concentration,Salinity,Water Surface Elevation,Sea Temperature,Thermocline Depth,Eastward Water Velocity,Northward Water Velocity
108922,0,38.353335,12.10386,9.3,-246,0.1154,37.5,-0.6,24.3,18.8,0.09,0.05
108922,960,38.358533,12.052283,9.3,-247,0.11180000000000001,37.5,-0.61,24.3,19.900000000000002,0.07,-0.01
108922,1963,38.36294,11.997807,9.5,-248,0.1105,37.5,-0.61,24.3,21.700000000000003,0.05,-0.05
108922,2970,38.366747,11.942245,9.4,-249,0.11120000000000001,37.5,-0.61,24.3,22.6,0.04,-0.09
108922,7629,38.368403,11.83892,4.4,-253,0.11130000000000001,37.5,-0.6,24.400000000000002,27.200000000000003,0.01,-0.13
108922,8668,38.37003,11.80607,1.6,-254,0.11180000000000001,37.5,-0.6,24.400000000000002,26.900000000000002,0.01,-0.14
108922,10450,38.378317,11.787128,2.3,-257,0.1126,37.5,-0.6,24.400000000000002,27.900000000000002,0.01,-0.15
108922,11430,38.383078,11.774925,2.2,-258,0.1129,37.5,-0.6,24.400000000000002,28.400000000000002,0.01,-0.15
108922,12377,38.386035,11.765588,2.2,-260,0.1131,37.5,-0.6,24.400000000000002,28.700000000000003,0.01,-0.16
108922,13332,38.389477,11.750343,2.3,-262,0.1135,37.5,-0.6,24.5,28.,0.,-0.16
108922,14269,38.391967,11.737822,2.2,-251,0.11460000000000001,37.5,-0.6,24.5,26.700000000000003,0.,-0.16
108922,15251,38.39234,11.72446,2.2,-252,0.1153,37.5,-0.59,24.5,24.900000000000002,0.,-0.17
108922,16160,38.392827,11.711708,2.3,-253,0.116,37.5,-0.59,24.5,23.200000000000003,0.,-0.17
108922,17064,38.39578,11.70236,2.3,-254,0.11620000000000001,37.5,-0.59,24.6,22.1,0.,-0.17
108922,17999,38.402275,11.689287,2.3,-254,0.11750000000000001,37.5,-0.59,24.6,20.5,-0.01,-0.18
108922,18914,38.404173,11.679727,2.2,-255,0.1182,37.5,-0.59,24.6,19.3,-0.01,-0.18
108922,19830,38.405408,11.667247,2.3,-255,0.1192,37.5,-0.59,24.6,18.5,-0.02,-0.18
108922,20799,38.40556,11.65083,2.3,-255,0.11860000000000001,37.5,-0.59,24.6,17.400000000000002,-0.02,-0.18
108922,22410,38.403483,11.628947,2.3,-262,0.1203,37.5,-0.59,24.6,15.9,-0.03,-0.17
108922,23320,38.403695,11.639762,1.8,-259,0.1194,37.5,-0.59,24.6,16.6,-0.03,-0.17
108922,24239,38.40118,11.632767,1.2,-261,0.1199,37.5,-0.59,24.6,16.1,-0.03,-0.17
108922,25230,38.403722,11.654982,7.6,-254,0.1182,37.5,-0.59,24.6,17.6,-0.02,-0.17
108922,28538,38.398532,11.697008,2.2,-254,0.1168,37.5,-0.59,24.6,21.5,0.,-0.17
108922,29700,38.39602,11.71229,2.2,-253,0.11620000000000001,37.5,-0.59,24.6,23.5,0.,-0.17
108922,30680,38.39372,11.724983,2.4,-252,0.1154,37.5,-0.59,24.6,25.,0.,-0.16
108922,31880,38.390433,11.740832,2.3,-251,0.1144,37.5,-0.6,24.6,26.8,0.,-0.16
108922,33840,38.382997,11.765322,2.2,-260,0.113,37.5,-0.6,24.5,28.,0.01,-0.15
108922,40060,38.367552,11.844497,2.3,-253,0.11120000000000001,37.5,-0.6,24.5,25.900000000000002,0.02,-0.11
108922,41009,38.368325,11.856058,4.5,-252,0.111,37.5,-0.6,24.5,25.400000000000002,0.02,-0.11
108922,45860,38.37186,11.792687,2.3,-255,0.1124,37.5,-0.6,24.6,26.3,0.01,-0.13
108922,46431,38.3744,11.785655,2.3,-257,0.11230000000000001,37.5,-0.6,24.6,26.700000000000003,0.01,-0.13
108922,46435,38.3744,11.785655,2.2,-257,0.11230000000000001,37.5,-0.6,24.6,26.700000000000003,0.01,-0.13
108922,46810,38.37665,11.781122,2.2,-257,0.1126,37.5,-0.6,24.6,27.,0.01,-0.14
108922,47749,38.380778,11.769518,2.3,-259,0.1129,37.5,-0.6,24.6,27.6,0.01,-0.14
108922,48700,38.384488,11.757648,2.3,-261,0.11320000000000001,37.5,-0.6,24.6,27.900000000000002,0.01,-0.14
108922,49714,38.388188,11.744578,2.1,-251,0.11410000000000001,37.5,-0.6,24.6,26.8,0.01,-0.15
108922,51188,38.390848,11.724805,2.2,-252,0.11520000000000001,37.5,-0.6,24.700000000000003,24.700000000000003,0.,-0.15
108922,52429,38.393478,11.708567,2.2,-254,0.11620000000000001,37.5,-0.59,24.700000000000003,22.700000000000003,0.,-0.16
108922,53430,38.396988,11.696303,2.2,-254,0.11670000000000001,37.5,-0.59,24.700000000000003,21.3,0.,-0.16
108922,55420,38.401835,11.67056,2.1,-255,0.1188,37.5,-0.59,24.8,18.5,-0.01,-0.17
108922,57669,38.39877,11.670022,3.2,-256,0.1187,37.5,-0.59,24.8,18.400000000000002,-0.01,-0.16
108922,58600,38.402038,11.680455,8.3,-255,0.11810000000000001,37.5,-0.59,24.8,19.200000000000003,-0.01,-0.17
108922,59539,38.397748,11.699393,2.3,-254,0.1165,37.5,-0.59,24.700000000000003,21.700000000000003,0.,-0.16
108922,61920,38.391027,11.730793,2.4,-252,0.1149,37.5,-0.6,24.700000000000003,25.400000000000002,0.,-0.15
108922,62839,38.389035,11.743133,2.2,-251,0.11420000000000001,37.5,-0.6,24.700000000000003,26.700000000000003,0.01,-0.14
108922,66500,38.37704,11.790853,2.2,-256,0.1126,37.5,-0.6,24.700000000000003,26.8,0.01,-0.12
108922,67518,38.372593,11.803542,2.3,-254,0.112,37.5,-0.6,24.700000000000003,26.1,0.01,-0.12
108922,68501,38.377118,11.793568,1.8,-256,0.1116,37.5,-0.6,24.700000000000003,26.8,0.01,-0.12
108922,69472,38.371875,11.791145,0.1,-256,0.112,37.5,-0.6,24.700000000000003,25.900000000000002,0.01,-0.12
108922,74489,38.272392,11.776702,8.9,-249,0.1144,37.5,-0.59,24.6,18.2,-0.05,-0.1
108922,75503,38.231773,11.768793,8.5,-248,0.1168,37.5,-0.59,24.5,18.400000000000002,-0.08,-0.09
108922,76129,38.207415,11.763642,8.1,-248,0.1197,37.5,-0.59,24.400000000000002,17.2,-0.1,-0.06
108922,76134,38.207415,11.763642,8.1,-248,0.1197,37.5,-0.59,24.400000000000002,17.2,-0.1,-0.06
108922,76470,38.194193,11.761392,8.5,-248,0.1194,37.5,-0.59,24.400000000000002,16.400000000000002,-0.1,-0.05
108922,77113,38.17,11.756952,8.3,-248,0.11910000000000001,37.5,-0.59,24.400000000000002,15.,-0.12,-0.03
108922,77130,38.16926,11.756958,8.2,-248,0.11910000000000001,37.5,-0.59,24.400000000000002,14.9,-0.12,-0.03
108922,77389,38.159217,11.757203,8.4,-246,0.12150000000000001,37.5,-0.59,24.400000000000002,14.5,-0.13,-0.02
108922,78650,38.110057,11.749108,8.5,-230,0.1211,37.5,-0.59,24.3,15.700000000000001,-0.1,0.05
108922,78651,38.110057,11.749107,8.5,-230,0.1211,37.5,-0.59,24.3,15.700000000000001,-0.1,0.05
108922,79598,38.073737,11.739717,8.3,-151,0.12000000000000001,37.5,-0.59,24.3,16.3,-0.09,0.09
108922,79602,38.073737,11.739717,8.3,-151,0.12000000000000001,37.5,-0.59,24.3,16.3,-0.09,0.09
108922,79689,38.070317,11.738683,8.4,-154,0.12010000000000001,37.5,-0.59,24.3,16.400000000000002,-0.08,0.09
108922,80510,38.040023,11.72621,8.4,-184,0.11950000000000001,37.5,-0.59,24.3,17.2,-0.06,0.11
108922,80512,38.040022,11.72621,8.3,-184,0.11950000000000001,37.5,-0.59,24.3,17.2,-0.06,0.11
108922,80699,38.032755,11.723933,8.4,-190,0.11960000000000001,37.5,-0.59,24.3,17.5,-0.05,0.12
108922,81489,38.004068,11.713735,8.2,-215,0.12000000000000001,37.5,-0.59,24.200000000000003,19.200000000000003,-0.03,0.14
108922,81490,38.004067,11.713735,8.1,-215,0.12000000000000001,37.5,-0.59,24.200000000000003,19.200000000000003,-0.03,0.14
108922,83859,37.991442,11.710983,0.1,-140,0.11960000000000001,37.5,-0.59,24.3,20.,-0.02,0.14
108922,84978,37.991797,11.71099,0.2,-140,0.11960000000000001,37.5,-0.59,24.3,20.,-0.02,0.14
108922,86021,37.992352,11.71082,0.1,-140,0.11960000000000001,37.5,-0.59,24.3,20.,-0.02,0.14
108922,87360,37.99329,11.711225,0.1,-140,0.11960000000000001,37.5,-0.59,24.3,19.900000000000002,-0.02,0.14
108922,88760,37.994602,11.711897,0.2,-139,0.11960000000000001,37.5,-0.59,24.3,19.8,-0.02,0.14
108922,89170,37.994977,11.712237,0.2,-139,0.11960000000000001,37.5,-0.59,24.3,19.8,-0.02,0.14
108922,92466,37.998983,11.715018,0.3,-138,0.11960000000000001,37.5,-0.59,24.3,19.5,-0.02,0.14
108922,93397,37.979987,11.711627,8.2,-143,0.1199,37.5,-0.59,24.3,20.700000000000003,0.,0.15
108922,95078,37.961563,11.706915,3.2,-150,0.1211,37.5,-0.58,24.3,21.6,0.01,0.16
108922,96070,37.95699,11.685395,2.1,-160,0.1213,37.5,-0.59,24.3,21.5,0.,0.14
108922,97176,37.94984,11.676178,2.5,-168,0.1211,37.5,-0.59,24.3,21.5,0.,0.13
108922,98116,37.940958,11.665673,2.6,-135,0.12150000000000001,37.5,-0.58,24.3,21.8,0.01,0.13
108922,99056,37.932888,11.65704,2.5,-137,0.12140000000000001,37.5,-0.58,24.3,22.200000000000003,0.01,0.13
108922,99900,37.921483,11.647425,2.8,-138,0.1213,37.4,-0.58,24.3,22.900000000000002,0.02,0.13
108922,99903,37.921482,11.647425,2.7,-138,0.1213,37.4,-0.58,24.3,22.900000000000002,0.02,0.13
108922,99966,37.92255,11.648825,2.7,-138,0.1213,37.4,-0.58,24.3,22.8,0.02,0.13
108922,100884,37.915418,11.636835,2.6,-126,0.1211,37.4,-0.58,24.3,22.8,0.02,0.13
108922,102060,37.901982,11.630968,2.6,-126,0.12140000000000001,37.4,-0.58,24.3,21.5,0.03,0.13
108922,102994,37.890697,11.631155,2.7,-127,0.12150000000000001,37.4,-0.58,24.3,20.3,0.03,0.13
108922,104064,37.879125,11.63765,2.5,-127,0.12150000000000001,37.5,-0.58,24.3,19.1,0.05,0.15
108922,105110,37.865545,11.64767,2.6,-127,0.12000000000000001,37.5,-0.5700000000000001,24.200000000000003,17.8,0.06,0.16
108922,106030,37.856417,11.656742,2.6,-126,0.1197,37.5,-0.5700000000000001,24.200000000000003,17.1,0.07,0.17
108922,107059,37.84543,11.665315,2.7,-125,0.11960000000000001,37.5,-0.5700000000000001,24.200000000000003,16.400000000000002,0.08,0.18
108922,108170,37.832235,11.670427,2.6,-124,0.11960000000000001,37.5,-0.5700000000000001,24.200000000000003,16.3,0.08,0.19
108922,109281,37.820307,11.679522,2.7,-121,0.11960000000000001,37.4,-0.56,24.200000000000003,16.900000000000002,0.08,0.2
108922,110409,37.808722,11.689965,2.8,-116,0.11960000000000001,37.4,-0.56,24.200000000000003,17.3,0.08,0.22
108922,111910,37.796447,11.700137,4.,-108,0.11960000000000001,37.4,-0.56,24.200000000000003,17.7,0.08,0.23
108922,121288,37.889565,11.66319,2.7,-125,0.1207,37.4,-0.58,24.3,20.1,0.05,0.16
108922,122210,37.901572,11.664062,2.9,-125,0.1206,37.4,-0.58,24.400000000000002,21.,0.05,0.15
108922,124919,37.935898,11.674895,2.8,-178,0.1212,37.5,-0.58,24.400000000000002,21.900000000000002,0.03,0.14
108922,125841,37.945733,11.68377,2.9,-167,0.1213,37.5,-0.58,24.400000000000002,21.8,0.02,0.14
108922,126759,37.954925,11.69331,2.8,-158,0.12150000000000001,37.5,-0.58,24.400000000000002,21.700000000000003,0.02,0.15
108922,127670,37.96264,11.704822,2.8,-150,0.12100000000000001,37.5,-0.58,24.400000000000002,21.5,0.02,0.15
108922,128609,37.962225,11.706498,1.4,-150,0.1211,37.5,-0.58,24.400000000000002,21.6,0.02,0.15
108922,129559,37.96574,11.707552,3.7,-148,0.1211,37.5,-0.58,24.400000000000002,21.400000000000002,0.02,0.15
108922,130569,37.959092,11.701658,7.5,-152,0.12090000000000001,37.5,-0.58,24.400000000000002,21.6,0.02,0.15
108922,144882,37.917155,11.644162,2.9,-138,0.1213,37.4,-0.58,24.5,22.700000000000003,0.03,0.13
108922,145848,37.92443,11.657288,2.7,-138,0.12150000000000001,37.4,-0.58,24.5,22.5,0.03,0.13
108922,146830,37.933535,11.668682,2.7,-184,0.1211,37.4,-0.58,24.5,22.,0.03,0.13
108922,147820,37.944443,11.677473,2.8,-171,0.1212,37.5,-0.58,24.5,21.8,0.02,0.13
108922,149169,37.95658,11.693638,2.8,-157,0.12150000000000001,37.5,-0.58,24.5,21.700000000000003,0.02,0.14
108922,150150,37.963668,11.706927,2.9,-149,0.1211,37.5,-0.58,24.5,21.5,0.03,0.15
108922,151089,37.960502,11.701733,1.8,-152,0.12090000000000001,37.5,-0.58,24.5,21.6,0.02,0.15
108922,152069,37.961963,11.718355,9.6,-145,0.12050000000000001,37.5,-0.58,24.5,21.6,0.04,0.17
108922,152992,37.9739,11.742755,9.7,-137,0.1211,37.5,-0.58,24.5,20.700000000000003,0.05,0.18
108922,187916,38.677862,12.80021,2.3,-280,0.10450000000000001,37.7,-0.53,25.700000000000003,13.4,-0.14,0.
108922,188926,38.685902,12.790847,2.3,-293,0.1033,37.7,-0.53,25.700000000000003,13.3,-0.14,-0.01
108922,192686,38.680543,12.78271,2.3,-291,0.10360000000000001,37.7,-0.53,25.700000000000003,13.4,-0.14,0.
108922,193716,38.672948,12.793107,2.3,-277,0.10450000000000001,37.7,-0.53,25.700000000000003,13.5,-0.14,0.
108922,194665,38.6693,12.805787,2.3,-271,0.1046,37.7,-0.53,25.700000000000003,13.5,-0.14,0.
108922,195715,38.666547,12.82015,2.3,-375,0.1044,37.7,-0.53,25.700000000000003,13.5,-0.14,0.01
108922,196686,38.665927,12.833598,2.4,-268,0.10490000000000001,37.7,-0.53,25.700000000000003,13.5,-0.14,0.01
108922,197507,38.665158,12.844835,2.2,-285,0.1051,37.7,-0.53,25.700000000000003,13.5,-0.14,0.01
108922,197509,38.665158,12.844835,2.2,-285,0.1051,37.7,-0.53,25.700000000000003,13.5,-0.14,0.01
108922,197596,38.665042,12.846012,2.3,-287,0.1051,37.7,-0.53,25.700000000000003,13.5,-0.15,0.02
108922,198517,38.664845,12.858713,2.3,-307,0.1053,37.7,-0.53,25.700000000000003,13.4,-0.15,0.02
108922,198544,38.664842,12.859117,2.3,-307,0.1053,37.7,-0.53,25.700000000000003,13.4,-0.15,0.02
108922,198547,38.664842,12.859117,2.3,-307,0.1053,37.7,-0.53,25.700000000000003,13.4,-0.15,0.02
108922,198548,38.664842,12.859117,2.2,-307,0.1053,37.7,-0.53,25.700000000000003,13.4,-0.15,0.02
108922,199424,38.664352,12.868817,3.9,-322,0.10550000000000001,37.7,-0.53,25.700000000000003,13.4,-0.15,0.02
108922,199605,38.664782,12.865938,2.5,-318,0.10550000000000001,37.7,-0.53,25.700000000000003,13.4,-0.15,0.02
108922,200376,38.665487,12.858398,1.5,-306,0.1053,37.7,-0.53,25.700000000000003,13.4,-0.15,0.02
108922,201426,38.667397,12.860572,2.,-360,0.1057,37.7,-0.53,25.700000000000003,13.4,-0.15,0.02
108922,202585,38.667597,12.828287,1.3,-267,0.1048,37.7,-0.53,25.700000000000003,13.5,-0.14,0.01
108922,217836,38.665337,12.857923,0.6,-305,0.1053,37.7,-0.53,25.8,13.3,-0.15,0.03
108922,217839,38.665337,12.857922,0.6,-305,0.1053,37.7,-0.53,25.8,13.3,-0.15,0.03
108922,217840,38.665337,12.857923,0.6,-305,0.1053,37.7,-0.53,25.8,13.3,-0.15,0.03
108922,218846,38.666735,12.857865,5.,-364,0.1056,37.7,-0.53,25.8,13.3,-0.15,0.03
108922,218849,38.666735,12.857865,4.9,-364,0.1056,37.7,-0.53,25.8,13.3,-0.15,0.03
108922,220865,38.669817,12.815457,2.3,-270,0.1047,37.7,-0.53,25.8,13.3,-0.14,0.01
108922,221786,38.67469,12.804347,2.4,-276,0.10450000000000001,37.7,-0.53,25.8,13.3,-0.14,0.01
108922,221788,38.67469,12.804347,2.4,-276,0.10450000000000001,37.7,-0.53,25.8,13.3,-0.14,0.01
108922,222056,38.676513,12.801327,2.3,-278,0.10450000000000001,37.7,-0.53,25.8,13.3,-0.14,0.01
108922,240896,38.539548,13.017268,9.4,-429,0.1038,37.7,-0.54,25.8,14.9,-0.21,0.06
108922,242094,38.504898,13.059512,9.5,-470,0.10490000000000001,37.7,-0.55,25.700000000000003,16.400000000000002,-0.17,0.07
108922,242676,38.494292,13.087163,9.2,-474,0.1044,37.7,-0.55,25.700000000000003,16.3,-0.15,0.07
108922,243015,38.493563,13.105612,9.2,-441,0.10490000000000001,37.7,-0.55,25.700000000000003,15.9,-0.15,0.07
108922,243939,38.489407,13.155317,9.1,-350,0.1056,37.7,-0.55,25.8,15.8,-0.13,0.06
108922,244225,38.485383,13.169862,9.2,-424,0.10450000000000001,37.7,-0.55,25.8,16.,-0.11,0.06
108922,244229,38.485382,13.169862,9.2,-424,0.10450000000000001,37.7,-0.55,25.8,16.,-0.11,0.06
108922,244889,38.461877,13.187637,9.1,-374,0.10500000000000001,37.7,-0.55,25.8,15.4,-0.08,0.07
108922,245138,38.453997,13.196452,9.,-354,0.1096,37.7,-0.55,25.8,15.100000000000001,-0.07,0.07
108922,245547,38.441087,13.21029,8.8,-324,0.1072,37.7,-0.55,25.8,14.4,-0.05,0.08
108922,245797,38.432568,13.216965,8.7,-310,0.10840000000000001,37.7,-0.55,25.8,14.,-0.04,0.08
108922,246049,38.424637,13.224847,8.7,-295,0.10990000000000001,37.7,-0.55,25.8,13.600000000000001,-0.03,0.09
108922,246456,38.412398,13.238707,8.5,-120,0.11950000000000001,37.7,-0.55,25.8,13.100000000000001,-0.01,0.1
108922,246716,38.404297,13.246845,8.5,-108,0.1217,37.7,-0.55,25.8,12.8,0.,0.1
108922,246956,38.397237,13.255097,8.5,-255,0.115,37.7,-0.55,25.8,12.600000000000001,0.,0.11
108922,247405,38.383595,13.270393,8.7,-238,0.11750000000000001,37.7,-0.55,25.900000000000002,12.5,0.01,0.11
108922,247657,38.375398,13.277855,8.7,-230,0.1184,37.7,-0.55,25.900000000000002,12.4,0.01,0.12
108922,248020,38.363837,13.288967,8.5,-216,0.1351,37.7,-0.55,25.900000000000002,12.3,0.01,0.12
108922,248325,38.354347,13.298945,8.6,-203,0.1206,37.7,-0.55,26.,12.100000000000001,0.02,0.13
108922,248566,38.347285,13.307132,8.5,-191,0.12190000000000001,37.7,-0.55,26.,12.,0.02,0.13
108922,248928,38.336722,13.319117,8.5,-173,0.1236,37.7,-0.55,26.1,11.700000000000001,0.02,0.13
108922,249486,38.319917,13.337202,8.3,-160,0.12610000000000002,37.7,-0.55,26.200000000000003,11.3,0.02,0.14
108922,249527,38.318667,13.338387,8.4,-160,0.1263,37.7,-0.55,26.200000000000003,11.200000000000001,0.02,0.14
108922,249790,38.31085,13.346638,8.3,-159,0.1278,37.7,-0.55,26.3,11.,0.02,0.13
108922,249887,38.307837,13.349757,8.3,-159,0.1283,37.7,-0.55,26.3,11.,0.02,0.13
108922,250395,38.292555,13.365343,8.2,-160,0.1303,37.7,-0.55,26.3,10.600000000000001,0.03,0.11
108922,250437,38.291307,13.366637,8.2,-160,0.1437,37.7,-0.55,26.400000000000002,10.600000000000001,0.03,0.11
108922,250809,38.280568,13.378415,8.3,-159,0.1336,37.7,-0.54,26.400000000000002,10.5,0.03,0.11
108922,250889,38.27815,13.380837,8.3,-160,0.1346,37.7,-0.54,26.400000000000002,10.5,0.03,0.11
108922,251296,38.265583,13.393097,8.5,-162,0.1401,37.7,-0.54,26.5,10.3,0.03,0.1
108922,251356,38.263708,13.394932,8.6,-162,0.1409,37.7,-0.54,26.5,10.3,0.03,0.1
108922,251808,38.249802,13.40924,8.5,-40,0.2038,37.7,-0.54,26.5,10.100000000000001,0.04,0.1
108922,251899,38.247145,13.412212,8.5,-40,0.20850000000000002,37.7,-0.54,26.5,10.100000000000001,0.04,0.1
108922,252197,38.238228,13.42239,8.5,-160,0.16010000000000002,37.7,-0.54,26.6,10.,0.04,0.1
108922,252286,38.235548,13.425368,8.4,-159,0.1641,37.7,-0.54,26.6,10.,0.04,0.1
108922,252840,38.218782,13.442472,8.3,-148,0.18460000000000001,37.7,-0.54,26.700000000000003,10.100000000000001,0.03,0.09
108922,252894,38.217217,13.443907,8.3,-148,0.18610000000000002,37.7,-0.54,26.700000000000003,10.100000000000001,0.03,0.09
108922,253136,38.209503,13.451327,8.3,-143,0.19340000000000002,37.7,-0.54,26.700000000000003,10.200000000000001,0.03,0.09
108922,253197,38.207652,13.453108,8.2,-141,0.2569,37.7,-0.54,26.700000000000003,10.3,0.02,0.08
108922,253927,38.185285,13.474607,8.4,-123,0.1967,37.7,-0.54,26.700000000000003,10.600000000000001,0.01,0.07
108922,253979,38.183742,13.476115,8.3,-121,0.19720000000000001,37.7,-0.54,26.700000000000003,10.600000000000001,0.01,0.07
108922,254046,38.181628,13.47829,8.3,-119,0.1981,37.7,-0.54,26.700000000000003,10.700000000000001,0.01,0.06
108922,254125,38.179152,13.480665,8.5,-117,0.1991,37.7,-0.54,26.700000000000003,10.700000000000001,0.01,0.06
108922,254896,38.154292,13.506395,9.,-84,0.1864,37.7,-0.54,26.700000000000003,11.,0.,0.05
108922,254966,38.152005,13.508695,8.9,-81,0.17980000000000002,37.7,-0.54,26.700000000000003,11.,0.,0.05
108922,255036,38.14977,13.511127,9.1,-79,0.17350000000000002,37.7,-0.54,26.700000000000003,11.,0.01,0.05
108922,255067,38.14877,13.512213,9.,-78,0.1709,37.7,-0.54,26.6,11.,0.01,0.05
108922,255817,38.124525,13.535082,8.1,-55,0.1348,37.7,-0.54,26.6,11.,0.,0.06
108922,255887,38.12203,13.536547,8.4,-54,0.13440000000000002,37.7,-0.54,26.700000000000003,11.,0.,0.06
108922,255955,38.119585,13.537825,8.4,-52,0.1341,37.7,-0.54,26.700000000000003,10.9,0.,0.06
108922,256196,38.110352,13.54089,8.9,-49,0.1338,37.7,-0.54,26.700000000000003,10.8,0.,0.05
108922,256728,38.08837,13.54461,9.,-46,0.1303,37.7,-0.54,26.8,10.3,-0.01,0.04
108922,256836,38.087685,13.541663,4.3,-49,0.1338,37.7,-0.54,26.8,10.3,-0.01,0.04
108922,257047,38.088813,13.541612,0.,-49,0.1338,37.7,-0.54,26.700000000000003,10.4,-0.01,0.04
108922,257186,38.088838,13.541618,0.,-49,0.1338,37.7,-0.54,26.700000000000003,10.4,-0.01,0.04
108922,257775,38.088842,13.541633,0.,-49,0.1338,37.7,-0.54,26.700000000000003,10.4,-0.01,0.04
108922,257781,38.088842,13.541632,0.,-49,0.1338,37.7,-0.54,26.700000000000003,10.4,-0.01,0.04
108922,258094,38.088837,13.541618,0.,-49,0.1338,37.7,-0.54,26.700000000000003,10.4,-0.01,0.04
108922,258220,38.088827,13.541637,0.,-49,0.1338,37.7,-0.54,26.700000000000003,10.4,-0.01,0.04
108922,258917,38.088845,13.541623,0.,-49,0.1338,37.7,-0.54,26.8,10.4,-0.01,0.04
108922,259135,38.088833,13.541613,0.,-49,0.1338,37.7,-0.54,26.8,10.4,-0.01,0.04
108922,259141,38.088833,13.541613,0.,-49,0.1338,37.7,-0.54,26.8,10.4,-0.01,0.04
108922,259916,38.088828,13.541632,0.,-49,0.1338,37.7,-0.54,26.8,10.4,-0.01,0.04
108922,260179,38.088835,13.541632,0.,-49,0.1338,37.7,-0.54,26.8,10.4,-0.01,0.04
108922,260236,38.088848,13.541643,0.,-49,0.1338,37.7,-0.54,26.8,10.4,-0.01,0.04
108922,260878,38.088832,13.541622,0.,-49,0.1338,37.7,-0.54,26.8,10.4,-0.01,0.04
108922,261220,38.088832,13.541652,0.,-49,0.1338,37.7,-0.54,26.8,10.4,-0.01,0.04
108922,261540,38.088863,13.541642,0.,-49,0.1338,37.7,-0.54,26.8,10.4,-0.01,0.04
108922,261757,38.088862,13.54164,0.,-49,0.1338,37.7,-0.54,26.8,10.4,-0.01,0.04
108922,261876,38.088862,13.541648,0.,-49,0.1338,37.7,-0.54,26.8,10.4,-0.01,0.04
108922,262196,38.088865,13.541642,0.,-49,0.1338,37.7,-0.54,26.8,10.4,-0.01,0.04
108922,262643,38.088858,13.541647,0.,-49,0.1338,37.7,-0.54,26.8,10.4,-0.01,0.04
108922,262915,38.088847,13.541638,0.,-49,0.1338,37.7,-0.54,26.8,10.4,-0.01,0.04
108922,263175,38.088838,13.541635,0.,-49,0.1338,37.7,-0.54,26.8,10.4,-0.01,0.04
108922,263300,38.088855,13.541632,0.,-49,0.1338,37.7,-0.54,26.8,10.4,-0.01,0.04
108922,263558,38.088853,13.541632,0.,-49,0.1338,37.7,-0.54,26.8,10.4,-0.01,0.04
108922,264175,38.088855,13.541632,0.,-49,0.1338,37.7,-0.54,26.8,10.4,-0.01,0.04
108922,264180,38.088855,13.541632,0.,-49,0.1338,37.7,-0.54,26.8,10.4,-0.01,0.04
108922,264597,38.088847,13.54163,0.,-49,0.1338,37.7,-0.54,26.8,10.4,-0.01,0.04
108922,264979,38.088852,13.54162,0.,-49,0.1338,37.7,-0.54,26.8,10.4,-0.01,0.04
108922,265196,38.088853,13.541623,0.,-49,0.1338,37.7,-0.54,26.8,10.4,-0.01,0.04
108922,265538,38.088855,13.541618,0.,-49,0.1338,37.7,-0.54,26.8,10.4,-0.01,0.04
108922,266294,38.08886,13.541612,0.,-49,0.1338,37.7,-0.54,26.8,10.4,0.,0.04
108922,266296,38.08886,13.541612,0.,-49,0.1338,37.7,-0.54,26.8,10.4,0.,0.04
108922,266676,38.088877,13.541635,0.,-49,0.1338,37.7,-0.54,26.8,10.4,0.,0.04
108922,267235,38.088877,13.541617,0.,-49,0.1338,37.7,-0.54,26.8,10.4,0.,0.04
108922,267335,38.08888,13.54162,0.,-49,0.1338,37.7,-0.54,26.8,10.4,0.,0.04
108922,267337,38.08888,13.54162,0.,-49,0.1338,37.7,-0.54,26.8,10.4,0.,0.04
108922,267818,38.088838,13.541638,0.,-49,0.1338,37.7,-0.54,26.8,10.4,0.,0.04
108922,268195,38.088848,13.541632,0.,-49,0.1338,37.7,-0.54,26.8,10.4,0.,0.04
108922,268316,38.088855,13.541612,0.,-49,0.1338,37.7,-0.54,26.8,10.4,0.,0.04
108922,268916,38.088807,13.541617,0.,-49,0.1338,37.7,-0.54,26.8,10.3,0.,0.04
108922,269196,38.088837,13.541627,0.,-49,0.1338,37.7,-0.54,26.8,10.3,0.,0.04
108922,269297,38.088857,13.54162,0.,-49,0.1338,37.7,-0.54,26.8,10.3,0.,0.04
108922,269740,38.088835,13.541622,0.,-49,0.1338,37.7,-0.54,26.8,10.3,0.,0.04
108922,269840,38.088848,13.541602,0.,-49,0.1338,37.7,-0.55,26.8,10.3,0.,0.04
108922,270176,38.088838,13.541572,0.,-49,0.1338,37.7,-0.55,26.8,10.3,0.,0.04
108922,270334,38.088815,13.541597,0.1,-49,0.1338,37.7,-0.55,26.8,10.3,0.,0.04
108922,469734,38.09976,14.080022,6.8,-61,0.1454,37.800000000000004,-0.5700000000000001,27.,10.200000000000001,-0.14,0.01
108922,470896,38.100867,14.048715,2.2,-112,0.1308,37.800000000000004,-0.5700000000000001,27.,10.3,-0.14,0.02
108922,477693,38.101463,13.969417,2.5,-107,0.1316,37.800000000000004,-0.5700000000000001,27.1,10.5,-0.14,0.04
108922,478723,38.09992,13.969642,2.1,-107,0.1318,37.800000000000004,-0.5700000000000001,27.1,10.4,-0.13,0.04
108922,481264,38.102332,14.009297,2.4,-176,0.1316,37.800000000000004,-0.5700000000000001,27.1,10.4,-0.15,0.03
108922,482623,38.102378,14.028703,2.2,-145,0.1418,37.800000000000004,-0.5700000000000001,27.1,10.3,-0.15,0.02
108922,484743,38.10125,14.05884,2.4,-95,0.1355,37.800000000000004,-0.5700000000000001,27.,10.200000000000001,-0.14,0.01
108922,486023,38.101205,14.076855,2.3,-66,0.1439,37.800000000000004,-0.5700000000000001,27.,10.200000000000001,-0.14,0.01
108922,488342,38.099488,14.055708,2.9,-100,0.134,37.800000000000004,-0.5700000000000001,27.,10.200000000000001,-0.14,0.01
108922,538710,38.099472,14.092797,6.,-160,0.13190000000000002,37.800000000000004,-0.5700000000000001,27.1,10.100000000000001,-0.14,0.
108922,540012,38.101068,14.049405,2.3,-111,0.1311,37.800000000000004,-0.5700000000000001,27.200000000000003,10.100000000000001,-0.15,0.01
108922,547311,38.10101,13.972643,0.4,-101,0.1332,37.800000000000004,-0.5700000000000001,27.3,10.200000000000001,-0.15,0.04
108922,633692,38.100252,13.969658,2.3,-106,0.1318,37.800000000000004,-0.58,27.5,10.,-0.15,0.04
108922,637100,38.102585,14.02092,2.4,-157,0.13770000000000002,37.800000000000004,-0.58,27.400000000000002,10.,-0.17,0.02
108922,638019,38.101477,14.033833,2.4,-136,0.14450000000000002,37.800000000000004,-0.58,27.400000000000002,10.,-0.16,0.02
108922,638920,38.101535,14.046498,2.3,-116,0.1297,37.800000000000004,-0.58,27.400000000000002,10.,-0.16,0.01
108922,639942,38.101537,14.061178,2.4,-92,0.1366,37.800000000000004,-0.58,27.400000000000002,10.,-0.16,0.01
108922,641440,38.101548,14.082682,2.4,-57,0.1467,37.800000000000004,-0.58,27.3,10.,-0.15,0.
108922,642401,38.096768,14.092265,7.6,-161,0.1317,37.800000000000004,-0.58,27.3,10.,-0.14,0.
108922,643321,38.099743,14.057118,3.7,-98,0.13470000000000001,37.800000000000004,-0.58,27.400000000000002,10.,-0.15,0.01
108922,644420,38.100557,14.041613,2.4,-123,0.14850000000000002,37.800000000000004,-0.58,27.400000000000002,10.,-0.16,0.01
108922,673630,38.070097,13.990537,8.9,125,0.16160000000000002,37.800000000000004,-0.58,27.5,10.,-0.1,0.02
108922,674609,38.052892,14.029942,7.7,14,0.14830000000000002,37.800000000000004,-0.58,27.400000000000002,10.,-0.09,0.01
108922,675712,38.038787,14.034292,0.,27,-99999,37.800000000000004,-0.58,27.400000000000002,10.,-0.09,0.01
108922,676650,38.038783,14.03428,0.,27,-99999,37.800000000000004,-0.58,27.400000000000002,10.,-0.09,0.01
108922,738308,38.099782,13.972395,1.4,-102,0.1332,37.800000000000004,-0.58,27.700000000000003,10.,-0.13,0.03
108922,740607,38.101883,13.993675,1.3,-65,0.1436,37.800000000000004,-0.58,27.700000000000003,10.,-0.13,0.02
108922,743419,38.1022,14.03019,2.4,-142,0.1426,37.800000000000004,-0.58,27.6,10.,-0.13,0.02
108922,754037,38.100873,13.9859,2.3,-79,0.1398,37.800000000000004,-0.58,27.700000000000003,10.,-0.13,0.02
108922,846548,38.087078,13.80032,0.6,-105,0.1223,37.7,-0.58,28.,10.,-0.05,0.05
108922,846550,38.087077,13.80032,0.6,-105,0.1223,37.7,-0.58,28.,10.,-0.05,0.05
108922,847870,38.082748,13.751615,9.1,-52,0.1328,37.7,-0.58,28.,10.,-0.04,0.06
108922,847871,38.082748,13.751615,9.1,-52,0.1328,37.7,-0.58,28.,10.,-0.04,0.06
108922,847873,38.082747,13.751615,9.,-52,0.1328,37.7,-0.58,28.,10.,-0.04,0.06
108922,849399,38.08217,13.669575,9.1,-50,0.13290000000000002,37.7,-0.59,27.700000000000003,10.,-0.02,0.05
108922,849401,38.08217,13.669575,9.,-50,0.13290000000000002,37.7,-0.59,27.700000000000003,10.,-0.02,0.05
108922,851287,38.08353,13.568898,9.,-21,0.13240000000000002,37.7,-0.58,27.8,10.,-0.01,0.04
108922,851289,38.08353,13.568898,9.,-21,0.13240000000000002,37.7,-0.58,27.8,10.,-0.01,0.04
108922,851292,38.08353,13.568897,9.,-21,0.13240000000000002,37.7,-0.58,27.8,10.,-0.01,0.04
108922,860787,38.089123,13.540683,0.,-50,0.1338,37.7,-0.58,27.8,10.,0.,0.04
108922,860790,38.089123,13.540683,0.,-50,0.1338,37.7,-0.58,27.8,10.,0.,0.04
108922,860792,38.089122,13.540682,0.,-50,0.1338,37.7,-0.58,27.8,10.,0.,0.04
108922,860794,38.089123,13.540683,0.,-50,0.1338,37.7,-0.58,27.8,10.,0.,0.04
108922,862427,38.089117,13.540697,0.,-50,0.1338,37.7,-0.58,27.8,10.,0.,0.04
108922,862429,38.089117,13.540697,0.,-50,0.1338,37.7,-0.58,27.8,10.,0.,0.04
108922,1038134,38.088228,13.541428,3.8,-49,0.1338,37.7,-0.59,27.900000000000002,10.,-0.02,0.04
108922,1038136,38.088227,13.541427,3.8,-49,0.1338,37.7,-0.59,27.900000000000002,10.,-0.02,0.04
108922,1038138,38.088228,13.541428,3.8,-49,0.1338,37.7,-0.59,27.900000000000002,10.,-0.02,0.04
108922,1038144,38.088228,13.541428,3.8,-49,0.1338,37.7,-0.59,27.900000000000002,10.,-0.02,0.04
108922,1039084,38.084347,13.579457,9.,-10,0.13340000000000002,37.7,-0.59,28.,10.,-0.02,0.05
108922,1039086,38.084347,13.579457,9.,-10,0.13340000000000002,37.7,-0.59,28.,10.,-0.02,0.05
108922,1039151,38.084623,13.582603,9.1,-7,0.1337,37.7,-0.59,28.,10.,-0.02,0.05
108922,1040069,38.087263,13.631213,9.1,-97,0.12440000000000001,37.7,-0.59,27.900000000000002,10.,-0.03,0.05
108922,1041415,38.09192,13.701443,8.9,-137,0.13,37.7,-0.59,27.900000000000002,10.,-0.06,0.05
108922,1041417,38.09192,13.701442,8.9,-137,0.13,37.7,-0.59,27.900000000000002,10.,-0.06,0.05
108922,1041419,38.09192,13.701443,8.9,-137,0.13,37.7,-0.59,27.900000000000002,10.,-0.06,0.05
108922,1196513,38.126057,14.293955,4.5,-119,0.1183,37.800000000000004,-0.59,28.1,10.,-0.02,0.05
108922,1226066,38.141648,14.293975,2.9,-123,0.11800000000000001,37.800000000000004,-0.59,28.200000000000003,10.,-0.01,0.05
108922,1228138,38.13218,14.295433,2.6,-119,0.1184,37.800000000000004,-0.59,28.200000000000003,10.,-0.02,0.05
108922,1230937,38.157353,14.287697,2.5,-138,0.1203,37.800000000000004,-0.59,28.3,10.,0.01,0.06
108922,1231928,38.15745,14.302277,2.5,-113,0.11860000000000001,37.800000000000004,-0.59,28.200000000000003,10.,0.,0.06
108922,1232887,38.157457,14.316342,2.3,-88,0.12000000000000001,37.800000000000004,-0.59,28.1,10.,0.,0.05
108922,1234366,38.155398,14.31868,6.6,-84,0.12040000000000001,37.800000000000004,-0.59,28.1,10.,0.,0.05
108922,1235268,38.156552,14.292927,2.5,-128,0.11760000000000001,37.800000000000004,-0.59,28.3,10.,0.,0.06
108922,1236238,38.155982,14.279165,2.4,-152,0.11950000000000001,37.800000000000004,-0.59,28.3,10.,0.01,0.07
108922,1250725,38.13798,14.240075,9.5,-72,0.1197,37.800000000000004,-0.59,28.6,10.,-0.01,0.07
108922,1251715,38.121428,14.189152,9.5,-155,0.1307,37.800000000000004,-0.59,28.700000000000003,10.,-0.02,0.06
108922,1273596,38.038427,14.034617,0.4,28,-99999,37.800000000000004,-0.58,28.8,10.,-0.04,0.01
108922,1308928,38.102198,13.979152,7.9,-90,0.1363,37.800000000000004,-0.58,28.900000000000002,10.,-0.01,0.
108922,1323408,38.101845,13.972325,2.5,-102,0.133,37.800000000000004,-0.58,29.,10.,-0.02,0.
108922,1324320,38.101792,13.960543,4.4,-122,0.1272,37.800000000000004,-0.58,29.,10.,-0.02,0.
108922,1325317,38.101625,13.971907,0.8,-102,0.1328,37.800000000000004,-0.58,29.,10.,-0.02,0.
108922,1326337,38.10063,13.964298,5.2,-115,0.1291,37.800000000000004,-0.58,29.,10.,-0.02,0.
108922,1327268,38.10263,13.994568,1.5,-64,0.1439,37.800000000000004,-0.58,29.,10.,-0.01,0.
108922,1328346,38.102592,14.007572,2.3,-179,0.1307,37.800000000000004,-0.58,29.,10.,-0.01,0.01
108922,1329639,38.10254,14.026032,2.4,-149,0.1404,37.800000000000004,-0.58,29.,10.,-0.01,0.01
108922,1330666,38.101752,14.040542,2.5,-125,0.14800000000000002,37.800000000000004,-0.58,29.,10.,-0.02,0.02
108922,1360408,38.126517,14.293037,2.1,-121,0.1182,37.800000000000004,-0.58,28.6,10.,-0.02,0.04
108922,1364398,38.150952,14.348763,2.8,-132,0.12090000000000001,37.800000000000004,-0.58,28.400000000000002,10.,-0.01,0.04
108922,1365738,38.149167,14.370443,2.8,-109,0.1245,37.800000000000004,-0.58,28.200000000000003,10.,-0.02,0.03
108922,1394643,38.11683,14.24285,9.,-69,0.1305,37.800000000000004,-0.5700000000000001,28.900000000000002,10.,-0.03,0.05
108922,1395615,38.110545,14.195425,8.9,-148,0.1318,37.800000000000004,-0.5700000000000001,29.,10.,-0.03,0.05
108922,1396518,38.10415,14.146385,8.9,-85,0.13340000000000002,37.800000000000004,-0.5700000000000001,29.200000000000003,10.,-0.04,0.05
108922,1397511,38.100175,14.096,8.7,-156,0.1332,37.800000000000004,-0.58,29.1,10.,-0.03,0.03
108922,1399806,38.102242,14.045838,2.4,-117,0.12940000000000002,37.800000000000004,-0.58,29.1,10.,-0.02,0.02
108922,1402672,38.102812,14.003225,2.6,-186,0.12840000000000001,37.800000000000004,-0.58,29.1,10.,-0.02,0.01
108922,1403675,38.102788,13.988317,2.4,-74,0.1408,37.800000000000004,-0.58,29.1,10.,-0.02,0.
108922,1412151,38.101942,14.046413,2.4,-116,0.1297,37.800000000000004,-0.58,29.200000000000003,10.,-0.02,0.02
108922,1415869,38.10031,14.076093,6.5,-67,0.14350000000000002,37.800000000000004,-0.5700000000000001,29.200000000000003,10.,-0.03,0.03
108922,1419739,38.102025,14.008717,2.3,-177,0.1313,37.800000000000004,-0.5700000000000001,29.200000000000003,10.,-0.02,0.01
108922,1445658,38.090372,13.807692,9.7,-94,0.12440000000000001,37.800000000000004,-0.5700000000000001,29.,10.,-0.07,0.02
108922,1448766,38.083627,13.628703,9.2,-102,0.1237,37.7,-0.58,28.400000000000002,10.3,-0.05,0.06
108922,1449179,38.084202,13.587367,9.6,-157,0.1263,37.7,-0.58,28.5,10.,-0.04,0.06
108922,1449840,38.084808,13.551198,9.2,-39,0.1308,37.7,-0.58,28.400000000000002,10.,-0.04,0.06
108922,1450161,38.088163,13.54087,3.6,-50,0.1338,37.7,-0.58,28.400000000000002,10.,-0.04,0.05
108922,1643113,38.086318,13.541928,6.1,-48,0.13,37.800000000000004,-0.5700000000000001,28.6,10.,-0.04,0.06
108922,1643116,38.086318,13.541928,6.1,-48,0.13,37.800000000000004,-0.5700000000000001,28.6,10.,-0.04,0.06
108922,1643117,38.086317,13.541927,6.,-48,0.13,37.800000000000004,-0.5700000000000001,28.6,10.,-0.04,0.06
108922,1643120,38.086318,13.541928,6.1,-48,0.13,37.800000000000004,-0.5700000000000001,28.6,10.,-0.04,0.06
108922,1644477,38.086477,13.609987,8.6,-125,0.1313,37.800000000000004,-0.5700000000000001,28.700000000000003,10.200000000000001,-0.04,0.07
108922,1644481,38.086477,13.609987,8.5,-125,0.1313,37.800000000000004,-0.5700000000000001,28.700000000000003,10.200000000000001,-0.04,0.07
108922,1648641,38.092398,13.800325,8.3,-105,0.1223,37.800000000000004,-0.56,29.3,10.,-0.07,0.03
108922,1744063,38.102047,14.038857,2.3,-128,0.1471,37.800000000000004,-0.55,29.900000000000002,10.,-0.04,0.03
108922,1745065,38.102057,14.051177,2.4,-108,0.13190000000000002,37.800000000000004,-0.55,29.900000000000002,10.,-0.04,0.03
108922,1747106,38.102597,14.07659,2.4,-67,0.1438,37.800000000000004,-0.55,29.900000000000002,10.,-0.04,0.03
108922,1748018,38.102577,14.090922,2.5,-164,0.1311,37.800000000000004,-0.55,29.900000000000002,10.,-0.04,0.03
108922,1748934,38.10084,14.05565,3.,-101,0.134,37.800000000000004,-0.55,29.900000000000002,10.,-0.05,0.03
108922,1749931,38.10147,14.041535,2.5,-124,0.14850000000000002,37.800000000000004,-0.55,29.900000000000002,10.,-0.05,0.03
108922,1752152,38.102112,14.009687,2.2,-176,0.1318,37.800000000000004,-0.55,29.900000000000002,10.,-0.04,0.02
108922,1763413,38.101842,14.06126,2.4,-92,0.1366,37.800000000000004,-0.55,30.,10.,-0.05,0.03
108922,1827882,38.115725,14.207267,8.9,-127,0.1363,37.800000000000004,-0.54,30.,10.,-0.03,0.04
108922,1833610,38.103315,14.021537,2.3,-156,0.1381,37.800000000000004,-0.54,30.,10.,-0.05,0.03
108922,1834514,38.103373,14.010342,2.6,-175,0.1322,37.800000000000004,-0.54,30.,10.,-0.05,0.03
108922,1835526,38.103317,13.9979,2.5,-58,0.1454,37.800000000000004,-0.54,30.,10.,-0.05,0.03
108922,1837591,38.102185,13.96401,2.6,-116,0.12890000000000001,37.800000000000004,-0.54,30.,10.,-0.05,0.03
108922,1839260,38.102135,13.973202,1.3,-100,0.13340000000000002,37.800000000000004,-0.54,30.,10.,-0.05,0.03
108922,2044542,38.08206,13.625488,10.1,-5,0.1345,37.800000000000004,-0.53,29.200000000000003,10.4,-0.04,0.04
108922,2045742,38.084898,13.55816,9.4,-32,0.1315,37.800000000000004,-0.53,29.200000000000003,10.,-0.03,0.04
108922,2045746,38.084897,13.55816,9.4,-32,0.1315,37.800000000000004,-0.53,29.200000000000003,10.,-0.03,0.04
108922,2303875,38.086317,13.542707,7.,-48,0.1301,37.800000000000004,-0.5,29.6,10.,-0.02,0.01
108922,2304795,38.079925,13.589257,8.7,-8,0.134,37.800000000000004,-0.5,29.6,10.,-0.02,0.01
108922,2304855,38.079473,13.59228,8.7,-8,0.1342,37.800000000000004,-0.5,29.6,10.,-0.02,0.01
108922,2305079,38.078468,13.603432,8.6,-7,0.135,37.800000000000004,-0.5,29.5,10.,-0.02,0.01
108922,2306115,38.071822,13.656333,9.,-3,0.1424,37.800000000000004,-0.5,29.400000000000002,10.3,-0.04,0.01
108922,2306116,38.071822,13.656333,9.,-3,0.1424,37.800000000000004,-0.5,29.400000000000002,10.3,-0.04,0.01
108922,2306179,38.071535,13.659432,8.5,-3,0.1433,37.800000000000004,-0.5,29.400000000000002,10.3,-0.04,0.01
108922,2332823,38.063325,13.939528,2.7,0,0.1559,37.800000000000004,-0.5,30.,10.,0.02,0.02
108922,2498395,38.057072,13.908365,3.,36,0.1564,37.800000000000004,-0.49,29.900000000000002,10.,0.05,0.01
108922,2498399,38.057072,13.908365,3.,36,0.1564,37.800000000000004,-0.49,29.900000000000002,10.,0.05,0.01
108922,2561176,38.099727,14.085503,2.4,-171,0.12890000000000001,37.9,-0.48,29.8,10.,0.07,0.01
108922,2562088,38.096453,14.086713,7.2,-168,0.1295,37.9,-0.48,29.8,10.,0.07,0.01
108922,2563076,38.098197,14.053667,2.4,-104,0.1331,37.800000000000004,-0.48,29.8,10.,0.07,0.01
108922,2564053,38.099432,14.03989,2.3,-126,0.1476,37.800000000000004,-0.49,29.8,10.,0.07,0.01
108922,2565586,38.102395,14.025465,2.4,-150,0.1401,37.800000000000004,-0.49,29.8,10.,0.07,0.01
108922,2566519,38.10084,14.00958,2.2,-175,0.1318,37.800000000000004,-0.49,29.8,10.,0.07,0.01
108922,2567480,38.100832,13.994602,2.5,-64,0.1442,37.800000000000004,-0.49,29.900000000000002,10.,0.07,0.01
108922,2568473,38.100968,14.00177,1.,-188,0.1277,37.800000000000004,-0.49,29.900000000000002,10.,0.07,0.01
108922,2569393,38.098485,13.999395,2.6,-56,0.1469,37.800000000000004,-0.49,29.900000000000002,10.,0.07,0.01
108922,2570305,38.073817,14.016775,8.8,-18,0.1492,37.800000000000004,-0.48,29.900000000000002,10.,0.08,0.01
108922,2571254,38.042627,14.03847,7.3,36,0.14780000000000001,37.800000000000004,-0.48,29.900000000000002,10.,0.08,0.01
108922,2572165,38.038793,14.034283,0.,27,-99999,37.800000000000004,-0.48,29.900000000000002,10.,0.08,0.01
108922,2573207,38.038767,14.0343,0.,27,-99999,37.800000000000004,-0.48,29.900000000000002,10.,0.08,0.01
108922,2574266,38.052677,14.011233,9.8,-29,0.14830000000000002,37.800000000000004,-0.48,29.900000000000002,10.,0.08,0.01
108922,2582316,38.05901,13.92124,2.9,-43,0.14400000000000002,37.800000000000004,-0.48,29.8,10.,0.07,0.01
108922,2583284,38.063708,13.935448,2.7,-9,0.1531,37.800000000000004,-0.48,29.900000000000002,10.,0.08,0.
108922,2584324,38.064418,13.944858,1.,13,0.1595,37.800000000000004,-0.48,29.900000000000002,10.,0.08,0.
108922,2585364,38.061243,13.926363,2.8,-31,0.1472,37.800000000000004,-0.48,29.8,10.,0.08,0.
108922,2586436,38.057338,13.909457,2.7,37,0.1569,37.800000000000004,-0.48,29.8,10.,0.07,0.
108922,2589663,38.057165,13.861708,2.7,-20,0.1458,37.800000000000004,-0.48,29.8,10.,0.06,0.
108922,2593065,38.057508,13.913292,2.9,41,0.15910000000000002,37.800000000000004,-0.48,29.8,10.,0.08,0.
108922,2594522,52.372603,3.85491,17.4,-5,1.5330000000000001,34.6,-0.34,17.6,11.,0.43,0.19
108922,2603536,38.099352,13.957852,7.2,-127,0.1409,37.800000000000004,-0.48,29.8,10.,0.07,0.
108922,2605065,38.100923,13.966245,2.1,-112,0.13,37.800000000000004,-0.48,29.8,10.,0.07,0.
108922,2615044,38.101312,14.044255,2.3,-119,0.1287,37.9,-0.48,29.8,10.,0.08,0.01
108922,2616015,38.101433,14.03051,2.4,-142,0.1427,37.9,-0.48,29.8,10.,0.08,0.
108922,2617225,38.10249,14.013527,2.3,-169,0.1338,37.9,-0.48,29.8,10.,0.08,0.
108922,2617229,38.10249,14.013527,2.2,-169,0.1338,37.9,-0.48,29.8,10.,0.08,0.
108922,2629765,38.101662,14.077063,2.4,-66,0.14400000000000002,37.9,-0.48,29.8,10.,0.09,0.01
108922,2630966,38.099428,14.0934,5.7,-160,0.1321,37.9,-0.48,29.700000000000003,10.,0.09,0.01
108922,2631933,38.099743,14.05727,3.9,-98,0.1348,37.9,-0.48,29.8,10.,0.09,0.01
108922,2640673,38.09991,13.962517,9.4,-119,0.1282,37.800000000000004,-0.48,29.8,10.,0.08,0.
108922,2641814,38.095298,13.897818,9.8,-80,0.1307,37.800000000000004,-0.48,29.700000000000003,10.,0.08,0.
108922,2819929,52.487128,3.482045,8.1,-7,1.6417000000000002,34.5,-0.47000000000000003,16.900000000000002,17.400000000000002,0.24,0.13
108922,2852748,38.086038,13.543057,6.4,-47,0.17,37.800000000000004,-0.46,29.3,10.,0.01,-0.02
108922,2852751,38.086038,13.543057,6.4,-47,0.17,37.800000000000004,-0.46,29.3,10.,0.01,-0.02
108922,2853721,38.086125,13.589513,8.7,-152,0.14980000000000002,37.800000000000004,-0.46,29.3,10.,0.01,-0.02
108922,2854600,38.09029,13.633537,8.4,-91,0.13920000000000002,37.800000000000004,-0.46,29.200000000000003,10.,0.02,-0.03
108922,2854601,38.09029,13.633537,8.4,-91,0.13920000000000002,37.800000000000004,-0.46,29.200000000000003,10.,0.02,-0.03
108922,2943335,38.145607,14.315822,0.3,-89,0.12390000000000001,38.,-0.49,29.200000000000003,10.,0.16,-0.06
108922,2965235,38.080792,13.586197,6.,-7,0.1792,37.800000000000004,-0.46,29.200000000000003,10.,0.01,-0.03
108922,2965239,38.080793,13.586198,6.1,-7,0.1792,37.800000000000004,-0.46,29.200000000000003,10.,0.01,-0.03
108922,2966155,38.082365,13.553785,6.1,75,0.17980000000000002,37.800000000000004,-0.46,29.200000000000003,10.,0.01,-0.03
108922,2966364,38.084005,13.546773,3.9,-44,0.171,37.800000000000004,-0.46,29.200000000000003,10.,0.01,-0.03
108922,2966367,38.084005,13.546772,3.8,-44,0.171,37.800000000000004,-0.46,29.200000000000003,10.,0.01,-0.03
108922,2980815,38.088793,13.540537,0.,-50,0.1801,37.800000000000004,-0.46,29.1,10.,0.02,-0.03
108922,2980819,38.088792,13.540537,0.,-50,0.1801,37.800000000000004,-0.46,29.1,10.,0.02,-0.03
108922,2981776,38.088782,13.540512,0.,-50,0.1801,37.800000000000004,-0.46,29.1,10.,0.02,-0.03
108922,2982837,38.088785,13.540535,0.,-50,0.1801,37.800000000000004,-0.46,29.1,10.,0.02,-0.03
108922,2982841,38.088785,13.540535,0.,-50,0.1801,37.800000000000004,-0.46,29.1,10.,0.02,-0.03
108922,2983957,38.088793,13.540542,0.,-50,0.1801,37.800000000000004,-0.46,29.1,10.,0.02,-0.03
108922,2984485,38.087062,13.541663,6.5,-49,0.17980000000000002,37.800000000000004,-0.46,29.200000000000003,10.,0.02,-0.03
108922,2984489,38.087062,13.541662,6.5,-49,0.17980000000000002,37.800000000000004,-0.46,29.200000000000003,10.,0.02,-0.03
108922,2984513,38.087062,13.541663,6.5,-49,0.17980000000000002,37.800000000000004,-0.46,29.200000000000003,10.,0.02,-0.03
108922,2984870,38.084793,13.559397,9.,-31,0.17400000000000002,37.800000000000004,-0.45,29.200000000000003,10.,0.01,-0.03
108922,2985435,38.08493,13.589737,8.9,-153,0.1492,37.800000000000004,-0.45,29.200000000000003,10.,0.01,-0.03
108922,2985439,38.08493,13.589737,8.9,-153,0.1492,37.800000000000004,-0.45,29.200000000000003,10.,0.01,-0.03
108922,2985495,38.084852,13.592927,8.7,-149,0.1511,37.800000000000004,-0.45,29.200000000000003,10.,0.01,-0.03
108922,2986704,38.086152,13.65482,8.7,-66,0.1463,37.800000000000004,-0.46,29.1,10.,0.03,-0.04
108922,2987887,38.084833,13.71479,8.5,-115,0.1212,37.800000000000004,-0.46,29.200000000000003,10.,0.06,-0.05
108922,3022427,38.1498,14.376383,3.,-103,0.1246,38.,-0.49,28.8,11.200000000000001,0.18,-0.06
108922,3023633,38.149985,14.395812,2.7,-83,0.1278,38.,-0.49,28.8,11.700000000000001,0.18,-0.06
108922,3067664,38.154035,14.275838,7.8,-157,0.1236,38.,-0.49,29.1,10.,0.15,-0.06
108922,3069218,38.157018,14.294898,2.4,-125,0.1203,38.,-0.49,29.,10.,0.15,-0.06
108922,3179985,38.13398,14.29297,8.1,-123,0.1207,37.9,-0.48,29.,10.,0.15,-0.03
108922,3183838,38.150883,14.344263,2.8,-137,0.1232,38.,-0.48,28.900000000000002,10.4,0.14,-0.04
108922,3185391,38.14972,14.370043,2.8,-110,0.1272,38.,-0.48,28.8,10.8,0.15,-0.04
108922,3186307,38.149875,14.385208,2.8,-94,0.126,38.,-0.48,28.700000000000003,11.,0.15,-0.04
108922,3187227,38.149952,14.395845,3.5,-82,0.1278,38.,-0.48,28.700000000000003,11.200000000000001,0.16,-0.05
108922,3259297,38.085687,13.551885,9.6,-38,0.1721,37.800000000000004,-0.45,28.6,10.8,0.02,-0.03
108922,3259300,38.085687,13.551885,9.6,-38,0.1721,37.800000000000004,-0.45,28.6,10.8,0.02,-0.03
108922,3277415,38.087633,13.539437,0.,-51,0.1801,37.800000000000004,-0.45,28.5,11.200000000000001,0.03,-0.03
108922,3449049,38.088188,13.541488,4.1,-49,0.17980000000000002,37.800000000000004,-0.45,28.1,12.,0.03,-0.03
108922,3449053,38.088188,13.541488,4.1,-49,0.17980000000000002,37.800000000000004,-0.45,28.1,12.,0.03,-0.03
108922,3449331,38.08455,13.549497,6.9,-41,0.1716,37.800000000000004,-0.45,28.1,11.3,0.02,-0.03
108922,3449961,38.085682,13.581172,8.9,-8,0.1792,37.800000000000004,-0.44,28.1,11.100000000000001,0.02,-0.04
108922,3450408,38.088467,13.604267,8.8,-131,0.15940000000000001,37.800000000000004,-0.45,28.1,11.200000000000001,0.03,-0.04
108922,3450412,38.088467,13.604267,8.7,-131,0.15940000000000001,37.800000000000004,-0.45,28.1,11.200000000000001,0.03,-0.04
108922,3524091,38.084775,13.558752,9.,-31,0.1738,37.800000000000004,-0.44,27.900000000000002,11.4,0.03,-0.04
108922,3524092,38.084775,13.558752,9.,-31,0.1738,37.800000000000004,-0.44,27.900000000000002,11.4,0.03,-0.04
108922,3524095,38.084775,13.558752,9.,-31,0.1738,37.800000000000004,-0.44,27.900000000000002,11.4,0.03,-0.04
108922,3800142,38.085165,13.561002,9.4,-29,0.1744,37.800000000000004,-0.44,27.8,14.5,0.,-0.01
108922,3800146,38.085165,13.561002,9.4,-29,0.1744,37.800000000000004,-0.44,27.8,14.5,0.,-0.01
108922,4231105,38.075793,13.617897,9.2,-7,0.17800000000000002,37.9,-0.42,28.1,20.,-0.07,0.06
108922,4231109,38.075793,13.617897,9.2,-7,0.17800000000000002,37.9,-0.42,28.1,20.,-0.07,0.06
108922,4231170,38.07624,13.614715,9.2,-7,0.17800000000000002,37.9,-0.42,28.1,20.3,-0.07,0.06
108922,4232176,38.083457,13.561935,9.2,-28,0.1746,37.9,-0.42,28.1,21.6,-0.06,0.07
108922,4232304,38.08433,13.555187,9.,-35,0.17300000000000001,37.9,-0.42,28.1,21.400000000000002,-0.06,0.07
108922,4232368,38.084768,13.552078,9.2,-38,0.17220000000000002,37.9,-0.42,28.1,21.400000000000002,-0.06,0.07
108922,4241105,38.088808,13.54069,1.1,-50,0.18000000000000002,37.9,-0.42,28.200000000000003,20.6,-0.06,0.07
108922,4241108,38.088808,13.54069,1.1,-50,0.18000000000000002,37.9,-0.42,28.200000000000003,20.6,-0.06,0.07
108922,4242016,38.079635,13.581092,9.4,112,0.17980000000000002,37.9,-0.42,28.1,21.8,-0.05,0.07
108922,4242216,38.077682,13.591342,8.9,-9,0.1784,37.9,-0.42,28.1,21.8,-0.05,0.07
108922,4242965,38.07239,13.630387,9.,-7,0.1661,37.9,-0.42,28.1,18.5,-0.08,0.06
108922,4243855,38.06772,13.676022,8.7,-47,0.1511,37.9,-0.41000000000000003,28.200000000000003,13.4,-0.12,0.06
108922,4243860,38.06772,13.676022,8.7,-47,0.1511,37.9,-0.41000000000000003,28.200000000000003,13.4,-0.12,0.06
108922,4295506,38.072493,13.577063,9.6,96,0.17980000000000002,37.9,-0.43,28.1,20.8,-0.05,0.06
108922,4295510,38.072492,13.577062,9.6,96,0.17980000000000002,37.9,-0.43,28.1,20.8,-0.05,0.06
108922,4403900,38.064173,13.703788,9.,-30,0.16970000000000002,37.9,-0.43,28.400000000000002,13.4,-0.12,0.03
108922,4405730,38.076002,13.603407,9.2,-8,0.17800000000000002,37.9,-0.44,28.200000000000003,18.3,-0.05,0.05
108922,4405854,38.076943,13.596893,9.4,-9,0.1782,37.9,-0.44,28.200000000000003,18.6,-0.05,0.05
108922,4406710,38.08493,13.550605,9.4,-40,0.1719,37.9,-0.43,28.200000000000003,18.2,-0.06,0.05
108922,4406891,38.087087,13.54197,5.9,-48,0.1696,37.9,-0.43,28.200000000000003,18.,-0.06,0.05
108922,4406892,38.087087,13.54197,5.8,-48,0.1696,37.9,-0.43,28.200000000000003,18.,-0.06,0.05
108922,4413831,38.08899,13.540833,1.6,-50,0.18000000000000002,37.9,-0.43,28.3,17.8,-0.06,0.05
108922,4413832,38.08899,13.540833,1.6,-50,0.18000000000000002,37.9,-0.43,28.3,17.8,-0.06,0.05
108922,4414928,38.084427,13.588837,9.2,-155,0.1484,37.9,-0.44,28.200000000000003,18.2,-0.05,0.05
108922,4415100,38.084812,13.597967,8.9,-142,0.15410000000000001,37.9,-0.44,28.200000000000003,18.1,-0.06,0.05
108922,4416058,38.086588,13.648822,8.8,-74,0.1441,37.9,-0.43,28.200000000000003,14.9,-0.1,0.05
108922,4416061,38.086587,13.648822,8.7,-74,0.1441,37.9,-0.43,28.200000000000003,14.9,-0.1,0.05
108922,4416718,38.087753,13.683982,9.1,-169,0.1317,37.9,-0.43,28.3,13.100000000000001,-0.12,0.04
108922,4417578,38.089633,13.729582,9.5,-88,0.126,37.9,-0.43,28.6,14.4,-0.13,0.03
108922,4490957,38.07578,13.623562,8.9,-6,0.17800000000000002,37.9,-0.44,28.200000000000003,15.600000000000001,-0.07,0.04
108922,4490961,38.07578,13.623563,8.9,-6,0.17800000000000002,37.9,-0.44,28.200000000000003,15.600000000000001,-0.07,0.04
108922,4491877,38.076885,13.600687,5.4,-8,0.1782,37.9,-0.44,28.200000000000003,16.8,-0.05,0.04
108922,4491906,38.076983,13.599782,5.1,-8,0.1782,37.9,-0.44,28.200000000000003,16.900000000000002,-0.05,0.04
108922,4491909,38.076982,13.599782,5.1,-8,0.1782,37.9,-0.44,28.200000000000003,16.900000000000002,-0.05,0.04
108922,4491966,38.077243,13.597997,3.8,-8,0.17830000000000001,37.9,-0.44,28.200000000000003,16.900000000000002,-0.05,0.04
108922,4492846,38.082543,13.564973,9.4,92,0.17980000000000002,37.9,-0.44,28.200000000000003,16.7,-0.05,0.04
108922,4492850,38.082542,13.564972,9.4,92,0.17980000000000002,37.9,-0.44,28.200000000000003,16.7,-0.05,0.04
108922,4493078,38.084725,13.552672,9.1,-38,0.1724,37.9,-0.44,28.3,16.7,-0.05,0.04
108922,4493298,38.087388,13.541795,6.2,-49,0.1696,37.9,-0.44,28.3,16.6,-0.06,0.04
108922,4667317,38.088798,13.54051,0.1,-50,0.1801,37.9,-0.46,28.3,13.700000000000001,-0.06,0.03
108922,4667321,38.088798,13.54051,0.1,-50,0.1801,37.9,-0.46,28.3,13.700000000000001,-0.06,0.03
108922,4668317,38.083982,13.572625,8.7,-17,0.1772,37.9,-0.46,28.3,13.4,-0.05,0.03
108922,4668321,38.083983,13.572625,8.7,-17,0.1772,37.9,-0.46,28.3,13.4,-0.05,0.03
108922,4669339,38.089663,13.617318,0.9,-113,0.1671,37.9,-0.46,28.3,13.200000000000001,-0.07,0.03
108922,4669526,38.091063,13.622013,1.6,-106,0.17,37.9,-0.46,28.3,13.200000000000001,-0.08,0.03
108922,4669530,38.091062,13.622012,1.5,-106,0.17,37.9,-0.46,28.3,13.200000000000001,-0.08,0.03
108922,4670331,38.0929,13.66133,8.7,-54,0.1519,37.9,-0.46,28.3,12.8,-0.11,0.02
108922,4670807,38.093195,13.686467,8.7,-162,0.1336,37.9,-0.46,28.3,12.8,-0.12,0.01
108922,4672757,38.099983,13.785427,8.4,-130,0.1293,38.,-0.45,28.5,14.100000000000001,-0.16,0.
108922,4672761,38.099982,13.785427,8.3,-130,0.1293,38.,-0.45,28.5,14.100000000000001,-0.16,0.
108922,4695788,38.09974,13.974928,0.9,-98,0.1376,38.,-0.45,28.3,14.5,-0.16,-0.04
108922,4750340,38.07258,13.675852,9.4,-47,0.15230000000000002,38.,-0.47000000000000003,28.3,12.100000000000001,-0.1,0.
108922,4751259,38.075945,13.625912,9.5,-6,0.1665,38.,-0.47000000000000003,28.400000000000002,11.9,-0.06,0.01
108922,4752199,38.081092,13.579195,2.,111,0.17980000000000002,38.,-0.47000000000000003,28.400000000000002,11.700000000000001,-0.05,0.02
108922,4752392,38.081965,13.573312,3.3,104,0.17980000000000002,38.,-0.47000000000000003,28.400000000000002,11.8,-0.05,0.02
108922,4753278,38.088855,13.541257,2.6,-49,0.1799,38.,-0.47000000000000003,28.400000000000002,12.3,-0.06,0.02
108922,4753437,38.088888,13.541452,0.,-49,0.17980000000000002,38.,-0.47000000000000003,28.400000000000002,12.3,-0.06,0.02
108922,4753441,38.088888,13.541452,0.,-49,0.17980000000000002,38.,-0.47000000000000003,28.400000000000002,12.3,-0.06,0.02
108922,4754029,38.088872,13.541465,0.,-49,0.17980000000000002,38.,-0.47000000000000003,28.400000000000002,12.3,-0.06,0.02
108922,4754218,38.088872,13.541442,0.,-49,0.17980000000000002,38.,-0.47000000000000003,28.400000000000002,12.3,-0.06,0.02
108922,4754538,38.088912,13.541442,0.,-49,0.17980000000000002,38.,-0.47000000000000003,28.400000000000002,12.3,-0.06,0.02
108922,4754601,38.088915,13.54146,0.,-49,0.17980000000000002,38.,-0.47000000000000003,28.400000000000002,12.3,-0.06,0.02
108922,4755171,38.088902,13.54144,0.,-49,0.17980000000000002,38.,-0.47000000000000003,28.400000000000002,12.3,-0.06,0.02
108922,4755988,38.0889,13.541433,0.,-49,0.17980000000000002,38.,-0.47000000000000003,28.400000000000002,12.3,-0.06,0.02
108922,4756120,38.088888,13.541438,0.,-49,0.17980000000000002,38.,-0.47000000000000003,28.400000000000002,12.3,-0.06,0.02
108922,4756308,38.088892,13.541445,0.,-49,0.17980000000000002,38.,-0.47000000000000003,28.400000000000002,12.3,-0.06,0.02
108922,4756620,38.088885,13.541457,0.,-49,0.17980000000000002,38.,-0.47000000000000003,28.400000000000002,12.3,-0.06,0.02
108922,4757088,38.088895,13.541428,0.,-49,0.17980000000000002,38.,-0.47000000000000003,28.400000000000002,12.3,-0.06,0.02
108922,4757220,38.088895,13.541422,0.,-49,0.17980000000000002,38.,-0.47000000000000003,28.400000000000002,12.3,-0.06,0.02
108922,4757568,38.088845,13.541467,0.,-49,0.17980000000000002,38.,-0.47000000000000003,28.400000000000002,12.200000000000001,-0.06,0.02
108922,4758007,38.088897,13.541438,0.,-49,0.17980000000000002,38.,-0.47000000000000003,28.400000000000002,12.200000000000001,-0.06,0.02
108922,4758391,38.088887,13.54144,0.,-49,0.17980000000000002,38.,-0.47000000000000003,28.400000000000002,12.200000000000001,-0.06,0.02
108922,4758547,38.088893,13.541433,0.,-49,0.17980000000000002,38.,-0.47000000000000003,28.400000000000002,12.200000000000001,-0.06,0.02
108922,4759019,38.088885,13.54142,0.,-49,0.17980000000000002,38.,-0.47000000000000003,28.400000000000002,12.200000000000001,-0.06,0.02
108922,4759403,38.0889,13.541442,0.,-49,0.17980000000000002,38.,-0.47000000000000003,28.400000000000002,12.200000000000001,-0.06,0.02
108922,4759588,38.088893,13.541445,0.,-49,0.17980000000000002,38.,-0.47000000000000003,28.400000000000002,12.200000000000001,-0.06,0.02
108922,4759592,38.088893,13.541445,0.,-49,0.17980000000000002,38.,-0.47000000000000003,28.400000000000002,12.200000000000001,-0.06,0.02
108922,4759968,38.088882,13.541452,0.,-49,0.17980000000000002,38.,-0.47000000000000003,28.400000000000002,12.200000000000001,-0.06,0.02
108922,4760448,38.088505,13.54134,3.3,-49,0.17980000000000002,38.,-0.47000000000000003,28.400000000000002,12.200000000000001,-0.06,0.02
108922,4760628,38.085735,13.546777,8.9,-44,0.1709,38.,-0.47000000000000003,28.400000000000002,11.9,-0.05,0.02
108922,4760720,38.084698,13.551263,8.9,-39,0.17200000000000001,38.,-0.47000000000000003,28.400000000000002,11.8,-0.05,0.02
108922,4760917,38.083067,13.561463,8.8,87,0.17980000000000002,38.,-0.47000000000000003,28.400000000000002,11.700000000000001,-0.05,0.02
108922,4761450,38.084892,13.588547,8.9,-155,0.14850000000000002,38.,-0.47000000000000003,28.400000000000002,11.600000000000001,-0.05,0.02
108922,4762338,38.087423,13.618497,4.6,-113,0.1671,38.,-0.47000000000000003,28.3,11.8,-0.07,0.02
108922,4762915,38.082585,13.629937,2.7,-4,0.1704,38.,-0.47000000000000003,28.3,11.8,-0.07,0.01
108922,4763366,38.079915,13.636813,2.8,-4,0.1709,38.,-0.47000000000000003,28.3,11.8,-0.07,0.01
108922,4763370,38.079915,13.636813,2.8,-4,0.1709,38.,-0.47000000000000003,28.3,11.8,-0.07,0.01
108922,4764689,38.073993,13.657193,2.8,-3,0.17470000000000002,38.,-0.47000000000000003,28.3,11.9,-0.09,0.
108922,4764693,38.073992,13.657192,2.7,-3,0.17470000000000002,38.,-0.47000000000000003,28.3,11.9,-0.09,0.
108922,4765809,38.071895,13.675358,2.6,-47,0.15180000000000002,38.,-0.47000000000000003,28.3,12.100000000000001,-0.1,0.
108922,4766809,38.071037,13.691435,2.7,-37,0.16240000000000002,38.,-0.47000000000000003,28.3,12.3,-0.11,0.
108922,4788837,38.099502,14.043662,2.6,-120,0.1322,38.,-0.47000000000000003,28.200000000000003,13.4,-0.16,-0.06
108922,4838077,38.080625,13.59286,9.4,-7,0.1791,38.,-0.47000000000000003,28.5,10.,-0.04,0.01
108922,4838093,38.080625,13.59286,9.4,-7,0.1791,38.,-0.47000000000000003,28.5,10.,-0.04,0.01
108922,4839049,38.087318,13.541827,6.1,-49,0.1696,38.,-0.47000000000000003,28.400000000000002,10.8,-0.06,0.02
108922,4846937,38.088577,13.5411,4.7,-49,0.1799,38.,-0.47000000000000003,28.400000000000002,10.9,-0.06,0.02
108922,4846941,38.088577,13.5411,4.7,-49,0.1799,38.,-0.47000000000000003,28.400000000000002,10.9,-0.06,0.02
108922,4847986,38.088185,13.592877,9.1,-146,0.15280000000000002,38.,-0.47000000000000003,28.400000000000002,10.3,-0.05,0.02
108922,4847991,38.088185,13.592877,9.1,-146,0.15280000000000002,38.,-0.47000000000000003,28.400000000000002,10.3,-0.05,0.02
108922,4848082,38.088077,13.597647,9.,-140,0.1554,38.,-0.47000000000000003,28.400000000000002,10.3,-0.05,0.01
108922,4849117,38.079977,13.634448,1.8,-5,0.1703,38.,-0.47000000000000003,28.400000000000002,10.8,-0.07,0.
108922,4849120,38.079977,13.634448,1.8,-5,0.1703,38.,-0.47000000000000003,28.400000000000002,10.8,-0.07,0.
108922,4850597,38.07389,13.656887,2.7,-3,0.1746,38.,-0.47000000000000003,28.3,11.4,-0.08,0.
108922,4850601,38.07389,13.656887,2.7,-3,0.1746,38.,-0.47000000000000003,28.3,11.4,-0.08,0.
108922,4908289,38.084602,13.559822,9.7,-30,0.1741,38.,-0.47000000000000003,28.5,10.3,-0.04,0.02
108922,4908290,38.084602,13.559822,9.6,-30,0.1741,38.,-0.47000000000000003,28.5,10.3,-0.04,0.02
108922,4908449,38.08542,13.550902,9.7,-39,0.1719,38.,-0.47000000000000003,28.5,10.4,-0.05,0.02
108922,4924919,38.089138,13.540803,0.,-50,0.18000000000000002,38.,-0.47000000000000003,28.5,10.9,-0.05,0.02
108922,4931196,38.089032,13.540878,2.3,-50,0.18000000000000002,38.,-0.47000000000000003,28.5,10.8,-0.05,0.02
108922,4931200,38.089032,13.540877,2.2,-50,0.18000000000000002,38.,-0.47000000000000003,28.5,10.8,-0.05,0.02
108922,4931489,38.085695,13.548493,8.5,-42,0.1713,38.,-0.47000000000000003,28.5,10.4,-0.05,0.02
108922,4932177,38.087215,13.584295,9.1,-158,0.1474,38.,-0.47000000000000003,28.5,10.3,-0.05,0.02
108922,4932180,38.087215,13.584295,9.,-158,0.1474,38.,-0.47000000000000003,28.5,10.3,-0.05,0.02
108922,4932209,38.087323,13.585942,8.8,-156,0.1484,38.,-0.47000000000000003,28.5,10.3,-0.05,0.02
108922,4932528,38.089498,13.601983,8.3,-133,0.1585,38.,-0.47000000000000003,28.5,10.3,-0.05,0.02
108922,5081274,38.085292,13.553082,9.2,-37,0.1724,38.,-0.47000000000000003,28.6,10.3,-0.03,0.03
108922,5275739,38.088203,13.541232,4.2,-49,0.1799,38.,-0.47000000000000003,28.700000000000003,10.200000000000001,-0.02,0.04
108922,5275742,38.088203,13.541232,4.2,-49,0.1799,38.,-0.47000000000000003,28.700000000000003,10.200000000000001,-0.02,0.04
108922,5276687,38.086378,13.58249,8.7,-7,0.1796,38.,-0.47000000000000003,28.8,10.100000000000001,-0.02,0.04
108922,5276691,38.086377,13.58249,8.7,-7,0.1796,38.,-0.47000000000000003,28.8,10.100000000000001,-0.02,0.04
108922,5276695,38.086378,13.58249,8.7,-7,0.1796,38.,-0.47000000000000003,28.8,10.100000000000001,-0.02,0.04
108922,5276883,38.088107,13.59212,8.9,-147,0.15230000000000002,38.,-0.47000000000000003,28.8,10.100000000000001,-0.02,0.04
108922,5277677,38.090785,13.613797,3.3,-117,0.1655,38.,-0.47000000000000003,28.700000000000003,10.200000000000001,-0.03,0.04
108922,5277681,38.090785,13.613797,3.3,-117,0.1655,38.,-0.47000000000000003,28.700000000000003,10.200000000000001,-0.03,0.04
108922,5278627,38.088608,13.617518,2.5,-114,0.16690000000000002,38.,-0.47000000000000003,28.700000000000003,10.200000000000001,-0.03,0.04
108922,5278631,38.088607,13.617517,2.4,-114,0.16690000000000002,38.,-0.47000000000000003,28.700000000000003,10.200000000000001,-0.03,0.04
108922,5278707,38.087027,13.620273,8.2,-111,0.168,38.,-0.47000000000000003,28.700000000000003,10.200000000000001,-0.03,0.04
108922,5278711,38.087027,13.620273,8.2,-111,0.168,38.,-0.47000000000000003,28.700000000000003,10.200000000000001,-0.03,0.04
108922,5279649,38.080377,13.635322,2.8,-4,0.17070000000000002,38.,-0.47000000000000003,28.700000000000003,10.200000000000001,-0.03,0.03
108922,5279650,38.080377,13.635322,2.7,-4,0.17070000000000002,38.,-0.47000000000000003,28.700000000000003,10.200000000000001,-0.03,0.03
108922,5279717,38.080027,13.63637,2.8,-4,0.1708,38.,-0.47000000000000003,28.700000000000003,10.200000000000001,-0.03,0.03
108922,5279789,38.079687,13.637438,2.7,-4,0.1709,38.,-0.47000000000000003,28.700000000000003,10.3,-0.03,0.03
108922,5281490,38.07325,13.664103,2.7,-3,0.1766,38.,-0.47000000000000003,28.5,10.4,-0.04,0.03
108922,5281494,38.07325,13.664102,2.7,-3,0.1766,38.,-0.47000000000000003,28.5,10.4,-0.04,0.03
108922,5282399,38.071697,13.678927,2.7,-45,0.15410000000000001,38.,-0.47000000000000003,28.5,10.5,-0.04,0.03
108922,5282403,38.071697,13.678927,2.7,-45,0.15410000000000001,38.,-0.47000000000000003,28.5,10.5,-0.04,0.03
108922,5282407,38.071697,13.678927,2.7,-45,0.15410000000000001,38.,-0.47000000000000003,28.5,10.5,-0.04,0.03
108922,5283378,38.071092,13.694895,2.8,-35,0.1648,38.,-0.47000000000000003,28.5,10.600000000000001,-0.05,0.03
108922,5283410,38.07109,13.695392,2.8,-35,0.1651,38.,-0.47000000000000003,28.5,10.600000000000001,-0.05,0.03
108922,5285412,38.073128,13.728143,2.8,-15,0.1522,38.,-0.47000000000000003,28.6,10.700000000000001,-0.06,0.03
108922,5289187,38.08325,13.788962,2.8,-29,0.1726,38.,-0.47000000000000003,28.700000000000003,10.8,-0.08,0.03
108922,5304549,38.101063,14.080203,7.4,-61,0.14780000000000001,38.,-0.47000000000000003,28.1,10.700000000000001,-0.14,-0.01
108922,5308570,38.099997,14.009105,2.2,-176,0.1342,38.,-0.47000000000000003,28.3,10.700000000000001,-0.14,0.01
108922,5310289,38.099733,13.984467,2.2,-81,0.1422,38.,-0.47000000000000003,28.3,10.700000000000001,-0.14,0.02
108922,5311217,38.099638,13.971403,2.3,-104,0.1359,38.,-0.47000000000000003,28.400000000000002,10.700000000000001,-0.14,0.02
108922,5313399,38.099808,13.964362,1.6,-116,0.1326,38.,-0.47000000000000003,28.400000000000002,10.700000000000001,-0.14,0.03
108922,5323690,38.098743,14.060355,5.4,-93,0.1394,38.,-0.47000000000000003,28.200000000000003,10.600000000000001,-0.14,0.
108922,5326930,38.101332,14.013097,2.3,-170,0.1356,38.,-0.47000000000000003,28.3,10.600000000000001,-0.14,0.01
108922,5328748,38.100142,13.986922,2.4,-77,0.1434,38.,-0.47000000000000003,28.3,10.600000000000001,-0.14,0.02
108922,5356068,38.076628,13.605318,9.2,-8,0.1781,38.,-0.47000000000000003,28.900000000000002,10.,-0.01,0.04
108922,5356069,38.076628,13.605318,9.2,-8,0.1781,38.,-0.47000000000000003,28.900000000000002,10.,-0.01,0.04
108922,5356072,38.076627,13.605317,9.2,-8,0.1781,38.,-0.47000000000000003,28.900000000000002,10.,-0.01,0.04
108922,5357328,38.088017,13.541547,3.8,-49,0.2074,38.,-0.47000000000000003,28.8,10.100000000000001,-0.02,0.05
108922,5357332,38.088017,13.541547,3.8,-49,0.2074,38.,-0.47000000000000003,28.8,10.100000000000001,-0.02,0.05
108922,5359249,38.088885,13.540492,0.,-50,0.20670000000000002,38.,-0.47000000000000003,28.8,10.100000000000001,-0.02,0.05
108922,5359253,38.088885,13.540492,0.,-50,0.20670000000000002,38.,-0.47000000000000003,28.8,10.100000000000001,-0.02,0.05
108922,5360169,38.08889,13.540502,0.,-50,0.2068,38.,-0.47000000000000003,28.8,10.100000000000001,-0.02,0.05
108922,5360954,38.088915,13.540515,0.,-50,0.2068,38.,-0.47000000000000003,28.8,10.100000000000001,-0.02,0.05
108922,5361931,38.08887,13.540547,0.,-50,0.2068,38.,-0.47000000000000003,28.8,10.100000000000001,-0.02,0.05
108922,5361935,38.08887,13.540547,0.,-50,0.2068,38.,-0.47000000000000003,28.8,10.100000000000001,-0.02,0.05
108922,5363169,38.088865,13.540532,0.,-50,0.2068,38.,-0.47000000000000003,28.8,10.100000000000001,-0.02,0.05
108922,5363174,38.088865,13.540532,0.,-50,0.2068,38.,-0.47000000000000003,28.8,10.100000000000001,-0.02,0.05
108922,5364398,38.088632,13.541197,3.7,-49,0.20720000000000002,38.,-0.47000000000000003,28.8,10.100000000000001,-0.02,0.05
108922,5364402,38.088632,13.541197,3.7,-49,0.20720000000000002,38.,-0.47000000000000003,28.8,10.100000000000001,-0.02,0.05
108922,5364490,38.086465,13.542175,6.9,-48,0.1923,38.,-0.47000000000000003,28.8,10.100000000000001,-0.02,0.05
108922,5365338,38.085737,13.586563,8.8,-157,0.16820000000000002,38.,-0.47000000000000003,28.900000000000002,10.,-0.01,0.05
108922,5368488,38.073875,13.656488,2.8,-3,0.1554,38.,-0.47000000000000003,28.6,10.200000000000001,-0.02,0.04
108922,5368492,38.073875,13.656487,2.7,-3,0.1554,38.,-0.47000000000000003,28.6,10.200000000000001,-0.02,0.04
108922,5388190,38.071732,13.680652,2.8,-44,0.159,38.,-0.47000000000000003,28.5,10.200000000000001,-0.03,0.04
108922,5396929,38.072772,13.672225,2.7,-49,0.1573,38.,-0.47000000000000003,28.6,10.100000000000001,-0.02,0.04
108922,5396933,38.072772,13.672225,2.7,-49,0.1573,38.,-0.47000000000000003,28.6,10.100000000000001,-0.02,0.04
108922,5397847,38.07161,13.687077,2.7,-40,0.1602,38.,-0.47000000000000003,28.6,10.200000000000001,-0.03,0.04
108922,5402551,38.078288,13.763725,2.9,-45,0.164,38.,-0.47000000000000003,28.8,10.200000000000001,-0.05,0.04
108922,5403500,38.08082,13.779332,2.9,-35,0.18080000000000002,38.,-0.47000000000000003,28.8,10.200000000000001,-0.06,0.04
108922,5404460,38.083338,13.795492,2.9,-112,0.1443,38.,-0.47000000000000003,28.700000000000003,10.200000000000001,-0.07,0.04
108922,5421257,38.08414,13.556047,9.2,-34,0.1976,38.,-0.47000000000000003,28.900000000000002,10.,-0.01,0.05
108922,5421584,38.085175,13.548157,0.6,-42,0.1947,38.,-0.47000000000000003,28.900000000000002,10.,-0.01,0.05
108922,5450877,38.088117,13.54153,4.3,-49,0.2074,38.,-0.47000000000000003,28.900000000000002,10.,-0.01,0.05
108922,5450881,38.088117,13.54153,4.2,-49,0.2074,38.,-0.47000000000000003,28.900000000000002,10.,-0.01,0.05
108922,5450885,38.088117,13.54153,4.3,-49,0.2074,38.,-0.47000000000000003,28.900000000000002,10.,-0.01,0.05
108922,5451889,38.08619,13.5895,9.1,-152,0.1678,38.,-0.47000000000000003,28.900000000000002,10.,-0.01,0.05
108922,5453086,38.079852,13.63391,1.6,-5,0.1558,38.,-0.47000000000000003,28.8,10.,-0.01,0.05
108922,5453090,38.079852,13.63391,1.5,-5,0.1558,38.,-0.47000000000000003,28.8,10.,-0.01,0.05
108922,5454640,38.073722,13.656515,2.8,-3,0.1554,38.,-0.47000000000000003,28.6,10.,-0.02,0.04
108922,5455072,38.07269,13.663637,2.8,-3,0.1553,38.,-0.47000000000000003,28.6,10.,-0.02,0.04
108922,5504583,38.12339,14.292812,1.7,-120,0.1516,38.1,-0.48,27.3,10.,-0.14,-0.03
108922,5579591,38.098983,14.076968,2.3,-66,0.22190000000000001,38.1,-0.48,27.8,10.,-0.11,0.02
108922,5585453,38.099682,14.004817,2.6,-183,0.158,38.1,-0.48,28.,10.,-0.11,0.04
108922,5586643,38.099108,13.987238,2.5,-77,0.1636,38.1,-0.48,28.1,10.,-0.11,0.04
108922,5597014,38.084935,13.55387,9.3,-36,0.1968,38.,-0.48,28.5,10.4,-0.01,0.05
108922,5597017,38.084935,13.55387,9.3,-36,0.1968,38.,-0.48,28.5,10.4,-0.01,0.05
108922,5625730,38.088392,13.540768,0.2,-50,0.2069,38.,-0.49,28.3,10.4,-0.02,0.05
108922,5625731,38.088392,13.540768,0.2,-50,0.2069,38.,-0.49,28.3,10.4,-0.02,0.05
108922,5625734,38.088392,13.540767,0.2,-50,0.2069,38.,-0.49,28.3,10.4,-0.02,0.05
108922,5626774,38.083017,13.589415,9.3,-6,0.20700000000000002,38.,-0.48,28.400000000000002,10.600000000000001,-0.01,0.06
108922,5628033,38.079785,13.640465,5.3,-4,0.1554,38.,-0.48,28.200000000000003,10.3,-0.01,0.05
108922,5628965,38.07366,13.657945,2.7,-3,0.1553,38.,-0.48,28.1,10.200000000000001,-0.02,0.05
108922,5630604,38.071465,13.684578,2.7,-41,0.1597,38.,-0.48,28.,10.,-0.02,0.04
108922,5630607,38.071465,13.684577,2.7,-41,0.1597,38.,-0.48,28.,10.,-0.02,0.04
108922,5631631,38.071357,13.701365,2.8,-31,0.163,38.,-0.48,28.1,10.,-0.03,0.04
108922,5631639,38.071357,13.701365,2.7,-31,0.163,38.,-0.48,28.1,10.,-0.03,0.04
108922,5669352,38.130857,13.700513,2.4,-128,0.1542,38.,-0.49,27.900000000000002,10.,-0.06,0.09
108922,5669356,38.130857,13.700512,2.4,-128,0.1542,38.,-0.49,27.900000000000002,10.,-0.06,0.09
108922,5670421,38.124615,13.68756,2.4,-150,0.1584,38.,-0.49,27.900000000000002,10.,-0.05,0.08
108922,5670613,38.12433,13.684867,2.4,-154,0.15860000000000002,38.,-0.49,27.900000000000002,10.,-0.05,0.08
108922,5670718,38.124332,13.683457,2.2,-156,0.15860000000000002,38.,-0.49,27.900000000000002,10.,-0.05,0.08
108922,5671571,38.124267,13.671333,2.5,-175,0.1595,38.,-0.49,27.900000000000002,10.,-0.05,0.08
108922,5675872,38.136292,13.613415,2.4,-83,0.1751,38.,-0.49,28.1,10.200000000000001,-0.05,0.1
108922,5676980,38.139178,13.597953,2.2,-99,0.1777,38.,-0.49,28.1,10.200000000000001,-0.05,0.1
108922,5676984,38.139177,13.597952,2.2,-99,0.1777,38.,-0.49,28.1,10.200000000000001,-0.05,0.1
108922,5676988,38.139178,13.597953,2.2,-99,0.1777,38.,-0.49,28.1,10.200000000000001,-0.05,0.1
108922,5677910,38.141547,13.591008,3.2,-104,0.1794,38.,-0.49,28.1,10.200000000000001,-0.05,0.1
108922,5678366,38.140195,13.596317,2.2,-100,0.1784,38.,-0.49,28.1,10.200000000000001,-0.05,0.1
108922,5679262,38.141872,13.595985,2.3,-99,0.17930000000000001,38.,-0.49,28.1,10.200000000000001,-0.05,0.1
108922,5680166,38.136967,13.586697,2.2,-113,0.1773,38.,-0.49,28.1,10.200000000000001,-0.04,0.09
108922,5680311,38.135285,13.58546,1.8,-116,0.17650000000000002,38.,-0.49,28.1,10.200000000000001,-0.04,0.09
108922,5680338,38.135285,13.58546,1.8,-116,0.17650000000000002,38.,-0.49,28.1,10.200000000000001,-0.04,0.09
108922,5880503,38.085957,13.542748,5.7,-48,0.19260000000000002,38.,-0.51,27.6,11.100000000000001,-0.02,0.06
108922,5880511,38.085957,13.542747,5.6,-48,0.19260000000000002,38.,-0.51,27.6,11.100000000000001,-0.02,0.06
108922,5880676,38.084528,13.548288,5.9,-42,0.1948,38.,-0.51,27.6,11.200000000000001,-0.02,0.06
108922,5881423,38.082168,13.575705,7.,108,0.2074,38.,-0.51,27.6,11.4,-0.01,0.06
108922,5881455,38.082163,13.577047,7.1,110,0.2074,38.,-0.51,27.6,11.4,-0.01,0.06
108922,5881463,38.082162,13.577047,7.1,110,0.2074,38.,-0.51,27.6,11.4,-0.01,0.06
108922,5881812,38.082008,13.59182,7.1,-6,0.2054,38.,-0.5,27.6,11.4,-0.01,0.06
108922,5882410,38.08077,13.607152,1.5,-6,0.20040000000000002,38.,-0.5,27.6,11.3,-0.01,0.06
108922,5882414,38.08077,13.607153,1.6,-6,0.20040000000000002,38.,-0.5,27.6,11.3,-0.01,0.06
108922,5882462,38.080528,13.607423,0.9,-6,0.19970000000000002,38.,-0.5,27.6,11.3,-0.01,0.06
108922,5884103,38.081725,13.628485,2.2,-4,0.15610000000000002,38.,-0.51,27.5,10.9,-0.01,0.06
108922,5885462,38.074423,13.652092,3.1,-4,0.1554,38.,-0.51,27.400000000000002,10.5,-0.02,0.05
108922,5885470,38.074423,13.652092,3.1,-4,0.1554,38.,-0.51,27.400000000000002,10.5,-0.02,0.05
108922,5886743,38.070455,13.672505,3.3,-49,0.1574,38.,-0.51,27.3,10.100000000000001,-0.02,0.05
108922,5887015,38.06988,13.676912,2.9,-46,0.1583,38.,-0.51,27.3,10.100000000000001,-0.02,0.05
108922,5957863,38.068693,13.611062,6.9,-10,0.1746,38.1,-0.51,27.3,11.5,-0.01,0.06
108922,5957867,38.068692,13.611062,6.9,-10,0.1746,38.1,-0.51,27.3,11.5,-0.01,0.06
108922,5957935,38.068693,13.611062,6.9,-10,0.1746,38.1,-0.51,27.3,11.5,-0.01,0.06
108922,5957939,38.068693,13.611062,6.9,-10,0.1746,38.1,-0.51,27.3,11.5,-0.01,0.06
108922,5958924,38.075353,13.569477,6.8,90,0.2074,38.1,-0.51,27.400000000000002,11.700000000000001,-0.01,0.06
108922,5958927,38.075352,13.569477,6.7,90,0.2074,38.1,-0.51,27.400000000000002,11.700000000000001,-0.01,0.06
108922,5958964,38.075687,13.567963,6.8,88,0.2074,38.1,-0.51,27.400000000000002,11.700000000000001,-0.01,0.06
108922,5959847,38.085742,13.543832,0.4,-47,0.193,38.,-0.51,27.3,11.4,-0.02,0.06
108922,5959903,38.08593,13.543237,3.3,-47,0.1928,38.,-0.51,27.3,11.3,-0.02,0.06
108922,5960031,38.087805,13.541658,3.5,-49,0.2074,38.,-0.51,27.3,11.200000000000001,-0.03,0.06
108922,5960035,38.087805,13.541658,3.5,-49,0.2074,38.,-0.51,27.3,11.200000000000001,-0.03,0.06
108922,6140656,51.95952,4.154417,11.,-1,-99999,-99999.,-99999.,-99999.,-99999.,-99999.,-99999.
108922,6226211,38.08816,13.541438,4.,-49,0.2073,38.,-0.51,27.,11.600000000000001,-0.02,0.04
108922,6226215,38.08816,13.541438,4.,-49,0.2073,38.,-0.51,27.,11.600000000000001,-0.02,0.04
108922,6227161,38.080787,13.58412,8.7,-8,0.2043,38.1,-0.51,27.,11.4,-0.01,0.04
108922,6227164,38.080787,13.58412,8.7,-8,0.2043,38.1,-0.51,27.,11.4,-0.01,0.04
108922,6227284,38.080215,13.590438,8.9,-7,0.2029,38.1,-0.51,27.,11.4,-0.01,0.04
108922,6228073,38.077592,13.629482,1.8,-5,0.1562,38.1,-0.51,26.900000000000002,11.200000000000001,-0.01,0.03
108922,6228078,38.077592,13.629482,1.8,-5,0.1562,38.1,-0.51,26.900000000000002,11.200000000000001,-0.01,0.03
108922,6228133,38.077375,13.629948,1.8,-5,0.1562,38.1,-0.51,26.900000000000002,11.200000000000001,-0.01,0.03
108922,6228491,38.075265,13.639138,7.5,-5,0.1559,38.1,-0.51,26.900000000000002,11.200000000000001,-0.01,0.03
108922,6229020,38.072857,13.6466,2.7,-5,0.1558,38.1,-0.51,26.900000000000002,11.100000000000001,-0.01,0.03
108922,6229120,38.072345,13.648275,2.6,-4,0.1558,38.1,-0.51,26.900000000000002,11.100000000000001,-0.01,0.03
108922,6230040,38.068862,13.664148,2.8,-3,0.156,38.1,-0.51,26.900000000000002,11.,-0.01,0.03
108922,6230044,38.068862,13.664147,2.7,-3,0.156,38.1,-0.51,26.900000000000002,11.,-0.01,0.03
108922,6240950,52.606733,3.968013,11.7,-6,1.9844000000000002,34.1,-0.48,17.1,11.,0.01,0.06
108922,6305613,38.08352,13.560493,8.8,-30,0.1993,38.,-0.5,26.900000000000002,11.3,-0.01,0.03
108922,6314160,38.088765,13.540922,1.6,-49,0.20700000000000002,38.,-0.5,26.900000000000002,11.700000000000001,-0.02,0.03
108922,6314163,38.088765,13.540922,1.6,-49,0.20700000000000002,38.,-0.5,26.900000000000002,11.700000000000001,-0.02,0.03
108922,6314235,38.088887,13.540897,0.2,-50,0.20700000000000002,38.,-0.5,26.900000000000002,11.700000000000001,-0.02,0.03
108922,6449834,52.63691,3.514463,14.,-8,1.6245,34.4,-0.49,16.900000000000002,15.700000000000001,0.11,0.16